MI0014561	MIMAT0017517
MI0014561	MIMAT0017518
MI0014516	MIMAT0017425
MI0014516	MIMAT0017426
MI0014548	MIMAT0017491
MI0014548	MIMAT0017492
MI0014549	MIMAT0017493
MI0014549	MIMAT0017494
MI0014562	MIMAT0017519
MI0014562	MIMAT0017520
MI0014515	MIMAT0017423
MI0014515	MIMAT0017424
MI0014514	MIMAT0017421
MI0014514	MIMAT0017422
MI0014545	MIMAT0017485
MI0014545	MIMAT0017486
MI0014512	MIMAT0017417
MI0014512	MIMAT0017418
MI0014539	MIMAT0017473
MI0014539	MIMAT0017474
MI0014568	MIMAT0017531
MI0014568	MIMAT0017532
MI0014581	MIMAT0017557
MI0014581	MIMAT0017558
MI0014502	MIMAT0017397
MI0014502	MIMAT0017398
MI0014628	MIMAT0017653
MI0014628	MIMAT0017654
MI0014563	MIMAT0017521
MI0014563	MIMAT0017522
MI0014521	MIMAT0017435
MI0014521	MIMAT0017436
MI0014595	MIMAT0017585
MI0014595	MIMAT0017586
MI0014564	MIMAT0017523
MI0014564	MIMAT0017524
MI0014505	MIMAT0017403
MI0014505	MIMAT0017404
MI0014504	MIMAT0017401
MI0014504	MIMAT0017402
MI0014503	MIMAT0017399
MI0014503	MIMAT0017400
MI0014603	MIMAT0017603
MI0014603	MIMAT0017604
MI0014551	MIMAT0017497
MI0014551	MIMAT0017498
MI0014543	MIMAT0017481
MI0014543	MIMAT0017482
MI0014582	MIMAT0017559
MI0014582	MIMAT0017560
MI0014571	MIMAT0017537
MI0014571	MIMAT0017538
MI0026015	MIMAT0031388
MI0026015	MIMAT0031389
MI0026014	MIMAT0031386
MI0026014	MIMAT0031387
MI0016187	MIMAT0018557
MI0016187	MIMAT0022969
MI0016202	MIMAT0018572
MI0005742	MIMAT0004433
MI0001585	MIMAT0001481
MI0010613	MIMAT0010117
MI0000199	MIMAT0000187
MI0000989	MIMAT0000920
MI0000218	MIMAT0000207
MI0005393	MIMAT0004258
MI0005393	MIMAT0004259
MI0000982	MIMAT0000913
MI0005441	MIMAT0004311
MI0005441	MIMAT0004312
MI0001005	MIMAT0000936
MI0001069	MIMAT0001001
MI0000187	MIMAT0000175
MI0019251	MIMAT0022440
MI0000978	MIMAT0000908
MI0001084	MIMAT0001014
MI0005402	MIMAT0004269
MI0000990	MIMAT0000921
MI0000196	MIMAT0000184
MI0000184	MIMAT0000172
MI0000185	MIMAT0000173
MI0001006	MIMAT0000937
MI0005396	MIMAT0004262
MI0001017	MIMAT0000948
MI0001013	MIMAT0000944
MI0005400	MIMAT0004266
MI0005400	MIMAT0004267
MI0000178	MIMAT0000166
MI0000215	MIMAT0000203
MI0001000	MIMAT0000931
MI0000190	MIMAT0000178
MI0001003	MIMAT0000934
MI0000201	MIMAT0000189
MI0001080	MIMAT0001011
MI0001072	MIMAT0001004
MI0000197	MIMAT0000185
MI0001088	MIMAT0001018
MI0000188	MIMAT0000176
MI0000212	MIMAT0000200
MI0000980	MIMAT0000910
MI0000186	MIMAT0000174
MI0000208	MIMAT0000196
MI0000217	MIMAT0000206
MI0000217	MIMAT0022843
MI0000983	MIMAT0000914
MI0000984	MIMAT0000915
MI0000985	MIMAT0000916
MI0000987	MIMAT0000918
MI0000988	MIMAT0000919
MI0000214	MIMAT0000202
MI0005406	MIMAT0004273
MI0005406	MIMAT0004274
MI0000992	MIMAT0000923
MI0001004	MIMAT0000935
MI0000202	MIMAT0000190
MI0000200	MIMAT0000188
MI0000191	MIMAT0000179
MI0000210	MIMAT0000198
MI0005409	MIMAT0004277
MI0000179	MIMAT0000167
MI0000180	MIMAT0000168
MI0000198	MIMAT0000186
MI0005379	MIMAT0004239
MI0000216	MIMAT0000204
MI0000216	MIMAT0000205
MI0000194	MIMAT0000182
MI0000181	MIMAT0000169
MI0000182	MIMAT0000170
MI0001018	MIMAT0000949
MI0001019	MIMAT0000950
MI0000195	MIMAT0000183
MI0000183	MIMAT0000171
MI0001087	MIMAT0001017
MI0001014	MIMAT0000945
MI0000545	MIMAT0000512
MI0000205	MIMAT0000193
MI0000206	MIMAT0000194
MI0000211	MIMAT0000199
MI0000192	MIMAT0000180
MI0001083	MIMAT0001013
MI0001001	MIMAT0000932
MI0001089	MIMAT0001019
MI0001002	MIMAT0000933
MI0001022	MIMAT0000953
MI0000207	MIMAT0000195
MI0000213	MIMAT0000201
MI0010011	MIMAT0009466
MI0010011	MIMAT0009467
MI0010515	MIMAT0010005
MI0010515	MIMAT0019175
MI0017619	MIMAT0020097
MI0017619	MIMAT0020098
MI0010032	MIMAT0009488
MI0010032	MIMAT0019148
MI0010522	MIMAT0009478
MI0010523	MIMAT0009478
MI0010022	MIMAT0009478
MI0010025	MIMAT0009481
MI0010025	MIMAT0019145
MI0010038	MIMAT0009494
MI0010038	MIMAT0019149
MI0008340	MIMAT0015273
MI0008340	MIMAT0007895
MI0008339	MIMAT0007894
MI0008339	MIMAT0015272
MI0008338	MIMAT0015271
MI0008338	MIMAT0007894
MI0012293	MIMAT0013599
MI0012293	MIMAT0013600
MI0009996	MIMAT0009153
MI0009996	MIMAT0015287
MI0012312	MIMAT0013629
MI0012312	MIMAT0013630
MI0012314	MIMAT0013632
MI0012314	MIMAT0013633
MI0004972	MIMAT0004194
MI0004972	MIMAT0015225
MI0012294	MIMAT0013601
MI0012294	MIMAT0013602
MI0010625	MIMAT0015297
MI0010625	MIMAT0010128
MI0012300	MIMAT0013612
MI0012300	MIMAT0013613
MI0012339	MIMAT0013666
MI0012339	MIMAT0013667
MI0012299	MIMAT0013610
MI0012299	MIMAT0013611
MI0004975	MIMAT0004197
MI0004975	MIMAT0015228
MI0004981	MIMAT0015233
MI0004981	MIMAT0004203
MI0010006	MIMAT0015291
MI0010006	MIMAT0009164
MI0012201	MIMAT0012629
MI0012201	MIMAT0015303
MI0010623	MIMAT0015295
MI0010623	MIMAT0010126
MI0004973	MIMAT0004195
MI0004973	MIMAT0015226
MI0010005	MIMAT0009162
MI0010005	MIMAT0009163
MI0004971	MIMAT0015224
MI0004971	MIMAT0004193
MI0012302	MIMAT0013615
MI0012302	MIMAT0013616
MI0012309	MIMAT0013623
MI0012309	MIMAT0013624
MI0012296	MIMAT0013604
MI0012296	MIMAT0013605
MI0012311	MIMAT0013627
MI0012311	MIMAT0013628
MI0008348	MIMAT0007904
MI0008348	MIMAT0007905
MI0012323	MIMAT0013646
MI0012323	MIMAT0013647
MI0012324	MIMAT0013648
MI0012324	MIMAT0013649
MI0004985	MIMAT0004207
MI0004985	MIMAT0015236
MI0012297	MIMAT0013606
MI0012297	MIMAT0013607
MI0004968	MIMAT0004190
MI0004968	MIMAT0015221
MI0008350	MIMAT0015278
MI0008350	MIMAT0007907
MI0004974	MIMAT0015227
MI0004974	MIMAT0004196
MI0005377	MIMAT0004213
MI0005377	MIMAT0015242
MI0012347	MIMAT0013658
MI0012456	MIMAT0013763
MI0012456	MIMAT0013762
MI0012456	MIMAT0013763
MI0012456	MIMAT0013762
MI0012351	MIMAT0013675
MI0012351	MIMAT0013676
MI0012353	MIMAT0013665
MI0012353	MIMAT0015306
MI0011309	MIMAT0011807
MI0011309	MIMAT0011808
MI0005031	MIMAT0003815
MI0005031	MIMAT0003816
MI0009905	MIMAT0009383
MI0004738	MIMAT0003523
MI0004738	MIMAT0003524
MI0004761	MIMAT0003547
MI0004761	MIMAT0012534
MI0009729	MIMAT0009221
MI0009729	MIMAT0009222
MI0009731	MIMAT0009224
MI0005011	MIMAT0003790
MI0005011	MIMAT0003791
MI0004742	MIMAT0003528
MI0004742	MIMAT0003745
MI0005014	MIMAT0003794
MI0005014	MIMAT0003795
MI0005046	MIMAT0012537
MI0005046	MIMAT0003831
MI0005041	MIMAT0003826
MI0005041	MIMAT0012536
MI0005019	MIMAT0003800
MI0005019	MIMAT0012535
MI0005047	MIMAT0003832
MI0005047	MIMAT0003833
MI0005465	MIMAT0012539
MI0005465	MIMAT0004341
MI0005050	MIMAT0003837
MI0011481	MIMAT0012001
MI0011481	MIMAT0012002
MI0004746	MIMAT0012532
MI0004746	MIMAT0003532
MI0009819	MIMAT0009305
MI0005066	MIMAT0012538
MI0005066	MIMAT0003852
MI0009761	MIMAT0009250
MI0005062	MIMAT0003519
MI0005049	MIMAT0003835
MI0005049	MIMAT0003836
MI0021137	MIMAT0024588
MI0021137	MIMAT0024589
MI0012212	MIMAT0013593
MI0012212	MIMAT0015304
MI0005466	MIMAT0004342
MI0009816	MIMAT0009302
MI0000495	MIMAT0000467
MI0000021	MIMAT0000021
MI0000021	MIMAT0020310
MI0000320	MIMAT0000300
MI0000320	MIMAT0015118
MI0000310	MIMAT0000290
MI0000310	MIMAT0020331
MI0000003	MIMAT0000003
MI0000003	MIMAT0020301
MI0017546	MIMAT0020005
MI0017546	MIMAT0020006
MI0000321	MIMAT0000301
MI0000321	MIMAT0020336
MI0000050	MIMAT0000051
MI0000050	MIMAT0020322
MI0000004	MIMAT0000004
MI0000004	MIMAT0020302
MI0000042	MIMAT0000043
MI0000042	MIMAT0015107
MI0019066	MIMAT0022181
MI0019066	MIMAT0022182
MI0005196	MIMAT0004230
MI0005196	MIMAT0020353
MI0005195	MIMAT0004229
MI0005195	MIMAT0020352
MI0007985	MIMAT0006590
MI0017535	MIMAT0019986
MI0017535	MIMAT0019987
MI0000043	MIMAT0000044
MI0000043	MIMAT0020318
MI0008200	MIMAT0006772
MI0008200	MIMAT0020778
MI0000002	MIMAT0000002
MI0000002	MIMAT0015092
MI0007984	MIMAT0015266
MI0007984	MIMAT0006589
MI0000031	MIMAT0015102
MI0000031	MIMAT0000032
MI0000311	MIMAT0000291
MI0000311	MIMAT0020332
MI0000028	MIMAT0000029
MI0000028	MIMAT0020314
MI0000056	MIMAT0000058
MI0000056	MIMAT0020324
MI0000006	MIMAT0000006
MI0000006	MIMAT0020303
MI0000007	MIMAT0000007
MI0000007	MIMAT0020304
MI0000008	MIMAT0015094
MI0000008	MIMAT0000008
MI0000009	MIMAT0000009
MI0000009	MIMAT0020305
MI0000010	MIMAT0000010
MI0000010	MIMAT0020306
MI0000011	MIMAT0000011
MI0000011	MIMAT0020307
MI0000012	MIMAT0000012
MI0000012	MIMAT0020770
MI0000754	MIMAT0000697
MI0019157	MIMAT0022309
MI0019157	MIMAT0022310
MI0000016	MIMAT0000016
MI0000016	MIMAT0020772
MI0000013	MIMAT0015095
MI0000013	MIMAT0000013
MI0000014	MIMAT0000014
MI0000014	MIMAT0020308
MI0000015	MIMAT0000015
MI0000015	MIMAT0020771
MI0000048	MIMAT0000049
MI0000048	MIMAT0020774
MI0000309	MIMAT0000289
MI0000309	MIMAT0020330
MI0000304	MIMAT0000284
MI0000304	MIMAT0015112
MI0000035	MIMAT0000036
MI0000035	MIMAT0015105
MI0000036	MIMAT0000037
MI0000036	MIMAT0015106
MI0000037	MIMAT0000038
MI0000037	MIMAT0020315
MI0017543	MIMAT0020000
MI0017543	MIMAT0020001
MI0000038	MIMAT0000039
MI0000038	MIMAT0020316
MI0000306	MIMAT0000286
MI0000306	MIMAT0020328
MI0019158	MIMAT0022311
MI0019158	MIMAT0022312
MI0000051	MIMAT0000052
MI0000051	MIMAT0000053
MI0000313	MIMAT0015114
MI0000313	MIMAT0000293
MI0000059	MIMAT0000061
MI0000059	MIMAT0020326
MI0008202	MIMAT0006774
MI0000057	MIMAT0000059
MI0000057	MIMAT0020776
MI0000017	MIMAT0015096
MI0000017	MIMAT0000017
MI0017544	MIMAT0020002
MI0017544	MIMAT0020003
MI0010956	MIMAT0011427
MI0010956	MIMAT0011428
MI0010957	MIMAT0011429
MI0010957	MIMAT0011430
MI0000303	MIMAT0000283
MI0000303	MIMAT0020327
MI0005191	MIMAT0004225
MI0005191	MIMAT0020349
MI0007982	MIMAT0006587
MI0007982	MIMAT0020359
MI0000054	MIMAT0000056
MI0000054	MIMAT0020775
MI0000322	MIMAT0000302
MI0000322	MIMAT0020337
MI0000307	MIMAT0000287
MI0000307	MIMAT0020777
MI0000022	MIMAT0000022
MI0000022	MIMAT0015099
MI0000024	MIMAT0000024
MI0000024	MIMAT0020312
MI0000030	MIMAT0015101
MI0000030	MIMAT0000031
MI0000302	MIMAT0015111
MI0000302	MIMAT0000282
MI0000023	MIMAT0000023
MI0000023	MIMAT0020311
MI0010967	MIMAT0011449
MI0010967	MIMAT0011450
MI0005190	MIMAT0004224
MI0007983	MIMAT0006588
MI0000331	MIMAT0004216
MI0000331	MIMAT0020341
MI0000329	MIMAT0000309
MI0000329	MIMAT0004215
MI0000041	MIMAT0000042
MI0000041	MIMAT0020317
MI0000757	MIMAT0015120
MI0000757	MIMAT0000700
MI0000336	MIMAT0000314
MI0000336	MIMAT0020342
MI0000326	MIMAT0000306
MI0000326	MIMAT0020339
MI0000032	MIMAT0015103
MI0000032	MIMAT0000033
MI0000058	MIMAT0000060
MI0000058	MIMAT0020325
MI0000019	MIMAT0000019
MI0000019	MIMAT0015098
MI0000317	MIMAT0000297
MI0000317	MIMAT0020335
MI0005201	MIMAT0004235
MI0005201	MIMAT0020354
MI0010974	MIMAT0011463
MI0000044	MIMAT0000045
MI0000044	MIMAT0020319
MI0000045	MIMAT0000046
MI0000045	MIMAT0020320
MI0000046	MIMAT0015108
MI0000046	MIMAT0000047
MI0000052	MIMAT0015109
MI0000052	MIMAT0000054
MI0000053	MIMAT0000055
MI0000053	MIMAT0020323
MI0000005	MIMAT0000005
MI0000005	MIMAT0015093
MI0000323	MIMAT0015119
MI0000323	MIMAT0000303
MI0005198	MIMAT0004232
MI0005198	MIMAT0015241
MI0000305	MIMAT0015113
MI0000305	MIMAT0000285
MI0005192	MIMAT0004226
MI0005192	MIMAT0020350
MI0000316	MIMAT0015116
MI0000316	MIMAT0000296
MI0005186	MIMAT0015239
MI0005186	MIMAT0004221
MI0005184	MIMAT0004219
MI0005184	MIMAT0020347
MI0000312	MIMAT0000292
MI0000312	MIMAT0020333
MI0005188	MIMAT0004223
MI0005188	MIMAT0015240
MI0000020	MIMAT0000020
MI0000020	MIMAT0020309
MI0005187	MIMAT0004222
MI0005187	MIMAT0020348
MI0000315	MIMAT0000295
MI0000315	MIMAT0015115
MI0000314	MIMAT0000294
MI0000314	MIMAT0020334
MI0000308	MIMAT0000288
MI0000308	MIMAT0020329
MI0000027	MIMAT0000027
MI0000027	MIMAT0000028
MI0000026	MIMAT0000026
MI0000026	MIMAT0020313
MI0000025	MIMAT0000025
MI0000025	MIMAT0020773
MI0000819	MIMAT0000768
MI0000819	MIMAT0020344
MI0019153	MIMAT0022305
MI0019153	MIMAT0022306
MI0019154	MIMAT0022305
MI0019154	MIMAT0022306
MI0000018	MIMAT0015097
MI0000018	MIMAT0000018
MI0000001	MIMAT0000001
MI0000001	MIMAT0015091
MI0008198	MIMAT0006770
MI0008199	MIMAT0006771
MI0000055	MIMAT0000057
MI0000055	MIMAT0015110
MI0000034	MIMAT0015104
MI0000034	MIMAT0000035
MI0013600	MIMAT0014404
MI0013600	MIMAT0014405
MI0013564	MIMAT0014358
MI0013564	MIMAT0014359
MI0013608	MIMAT0014417
MI0013608	MIMAT0014418
MI0013606	MIMAT0014414
MI0013606	MIMAT0014415
MI0013596	MIMAT0014400
MI0013596	MIMAT0014401
MI0013585	MIMAT0014387
MI0013585	MIMAT0014388
MI0013570	MIMAT0014366
MI0013570	MIMAT0014367
MI0013562	MIMAT0014355
MI0013562	MIMAT0014356
MI0013602	MIMAT0014408
MI0013602	MIMAT0014409
MI0013592	MIMAT0014396
MI0013592	MIMAT0014397
MI0013628	MIMAT0014440
MI0013628	MIMAT0014441
MI0013610	MIMAT0014420
MI0013610	MIMAT0014421
MI0013581	MIMAT0014380
MI0013581	MIMAT0014381
MI0006213	MIMAT0005395
MI0006213	MIMAT0005396
MI0006214	MIMAT0005397
MI0006216	MIMAT0005402
MI0006216	MIMAT0005403
MI0006217	MIMAT0005404
MI0006219	MIMAT0005407
MI0006219	MIMAT0005408
MI0006223	MIMAT0005415
MI0006223	MIMAT0005416
MI0005704	MIMAT0004394
MI0005821	MIMAT0005480
MI0005821	MIMAT0020861
MI0005813	MIMAT0005472
MI0005813	MIMAT0020853
MI0011290	MIMAT0011786
MI0011290	MIMAT0011787
MI0005814	MIMAT0005473
MI0005814	MIMAT0020854
MI0005815	MIMAT0005474
MI0005815	MIMAT0020855
MI0005816	MIMAT0005475
MI0005816	MIMAT0020856
MI0005817	MIMAT0005476
MI0005817	MIMAT0020857
MI0005818	MIMAT0005477
MI0005818	MIMAT0020858
MI0005819	MIMAT0005478
MI0005819	MIMAT0020859
MI0005822	MIMAT0005481
MI0005822	MIMAT0020862
MI0005820	MIMAT0005479
MI0005820	MIMAT0020860
MI0000356	MIMAT0000333
MI0000356	MIMAT0020801
MI0000412	MIMAT0000391
MI0000412	MIMAT0020827
MI0000119	MIMAT0000107
MI0000119	MIMAT0020782
MI0000343	MIMAT0000319
MI0000343	MIMAT0020799
MI0005823	MIMAT0005482
MI0005823	MIMAT0020863
MI0005824	MIMAT0005483
MI0005824	MIMAT0020864
MI0005825	MIMAT0005484
MI0005825	MIMAT0020865
MI0000413	MIMAT0000392
MI0000413	MIMAT0020828
MI0000414	MIMAT0000393
MI0000414	MIMAT0000394
MI0000374	MIMAT0000352
MI0000374	MIMAT0020814
MI0000415	MIMAT0000395
MI0000415	MIMAT0020829
MI0005867	MIMAT0005019
MI0005867	MIMAT0020903
MI0000373	MIMAT0000351
MI0000373	MIMAT0020813
MI0000378	MIMAT0000357
MI0000378	MIMAT0020818
MI0000416	MIMAT0000396
MI0000416	MIMAT0020830
MI0000417	MIMAT0000397
MI0000417	MIMAT0020831
MI0000118	MIMAT0000106
MI0000118	MIMAT0020781
MI0000117	MIMAT0000106
MI0000117	MIMAT0020780
MI0000120	MIMAT0000107
MI0000120	MIMAT0020783
MI0000116	MIMAT0000105
MI0000116	MIMAT0020779
MI0000362	MIMAT0000340
MI0000362	MIMAT0020806
MI0017762	MIMAT0020206
MI0017762	MIMAT0020207
MI0005845	MIMAT0005503
MI0005845	MIMAT0020884
MI0005846	MIMAT0005504
MI0005846	MIMAT0020885
MI0000136	MIMAT0000120
MI0000136	MIMAT0020798
MI0005869	MIMAT0005021
MI0005847	MIMAT0005505
MI0005847	MIMAT0020886
MI0000370	MIMAT0000345
MI0000370	MIMAT0000349
MI0000366	MIMAT0000344
MI0000366	MIMAT0000345
MI0000354	MIMAT0000330
MI0000354	MIMAT0000331
MI0005848	MIMAT0005506
MI0005848	MIMAT0020887
MI0000419	MIMAT0000399
MI0000419	MIMAT0020833
MI0000361	MIMAT0000339
MI0000361	MIMAT0020805
MI0005849	MIMAT0005507
MI0005849	MIMAT0020888
MI0000128	MIMAT0000113
MI0000128	MIMAT0020791
MI0005850	MIMAT0005508
MI0005850	MIMAT0020889
MI0000420	MIMAT0000400
MI0000420	MIMAT0020834
MI0000126	MIMAT0000111
MI0000126	MIMAT0020789
MI0000125	MIMAT0000111
MI0000125	MIMAT0020788
MI0000124	MIMAT0000111
MI0000124	MIMAT0020787
MI0000123	MIMAT0000110
MI0000123	MIMAT0020786
MI0000122	MIMAT0000109
MI0000122	MIMAT0020785
MI0000380	MIMAT0000359
MI0000380	MIMAT0020820
MI0000121	MIMAT0000108
MI0000121	MIMAT0020784
MI0000421	MIMAT0000401
MI0000421	MIMAT0020835
MI0000422	MIMAT0000402
MI0000422	MIMAT0020836
MI0000423	MIMAT0000403
MI0000423	MIMAT0020837
MI0000424	MIMAT0000404
MI0000424	MIMAT0020838
MI0000425	MIMAT0000405
MI0000425	MIMAT0020839
MI0011587	MIMAT0012210
MI0011587	MIMAT0012211
MI0005851	MIMAT0005509
MI0005851	MIMAT0020890
MI0000127	MIMAT0000112
MI0000127	MIMAT0020790
MI0011289	MIMAT0011784
MI0011289	MIMAT0011785
MI0000387	MIMAT0000365
MI0000387	MIMAT0020823
MI0000367	MIMAT0000346
MI0000367	MIMAT0020809
MI0011590	MIMAT0012216
MI0011590	MIMAT0012217
MI0005808	MIMAT0005467
MI0005808	MIMAT0020848
MI0000375	MIMAT0000354
MI0000375	MIMAT0020815
MI0000359	MIMAT0000336
MI0000359	MIMAT0000337
MI0017754	MIMAT0020194
MI0000355	MIMAT0000332
MI0000355	MIMAT0020800
MI0000426	MIMAT0000406
MI0000426	MIMAT0020840
MI0000377	MIMAT0000356
MI0000377	MIMAT0020817
MI0000383	MIMAT0000362
MI0000383	MIMAT0020822
MI0000358	MIMAT0000335
MI0000358	MIMAT0020803
MI0000427	MIMAT0000407
MI0000427	MIMAT0020841
MI0000129	MIMAT0000114
MI0000129	MIMAT0020792
MI0000364	MIMAT0000342
MI0000364	MIMAT0020808
MI0005809	MIMAT0005468
MI0005809	MIMAT0020849
MI0000428	MIMAT0000408
MI0000428	MIMAT0020842
MI0005811	MIMAT0005470
MI0005811	MIMAT0020851
MI0005812	MIMAT0005471
MI0005812	MIMAT0020852
MI0005853	MIMAT0005511
MI0005853	MIMAT0020892
MI0005854	MIMAT0005512
MI0005854	MIMAT0020893
MI0000130	MIMAT0000115
MI0000130	MIMAT0012531
MI0000429	MIMAT0000409
MI0000429	MIMAT0020843
MI0000360	MIMAT0000338
MI0000360	MIMAT0020804
MI0000371	MIMAT0000350
MI0000371	MIMAT0020812
MI0005855	MIMAT0005513
MI0005855	MIMAT0020894
MI0000430	MIMAT0000410
MI0000430	MIMAT0020844
MI0005858	MIMAT0005516
MI0005858	MIMAT0020896
MI0000134	MIMAT0000119
MI0000134	MIMAT0020796
MI0000133	MIMAT0000118
MI0000133	MIMAT0020795
MI0000431	MIMAT0000411
MI0000431	MIMAT0020845
MI0011583	MIMAT0012202
MI0011583	MIMAT0012203
MI0000432	MIMAT0000412
MI0000432	MIMAT0000413
MI0005805	MIMAT0005463
MI0005805	MIMAT0005464
MI0005859	MIMAT0005517
MI0005859	MIMAT0020897
MI0005856	MIMAT0010206
MI0005856	MIMAT0005514
MI0005860	MIMAT0005518
MI0005860	MIMAT0020898
MI0000131	MIMAT0000116
MI0000131	MIMAT0020793
MI0005861	MIMAT0005519
MI0005861	MIMAT0020899
MI0017755	MIMAT0020195
MI0017755	MIMAT0020196
MI0005871	MIMAT0005023
MI0005871	MIMAT0020905
MI0017738	MIMAT0020166
MI0017738	MIMAT0020167
MI0005878	MIMAT0005030
MI0005864	MIMAT0005016
MI0005864	MIMAT0020902
MI0005862	MIMAT0005520
MI0005862	MIMAT0020900
MI0000357	MIMAT0000334
MI0000357	MIMAT0020802
MI0000379	MIMAT0000358
MI0000379	MIMAT0020819
MI0005873	MIMAT0005025
MI0005873	MIMAT0020906
MI0005863	MIMAT0005521
MI0005863	MIMAT0020901
MI0000363	MIMAT0000341
MI0000363	MIMAT0020807
MI0017735	MIMAT0020160
MI0017735	MIMAT0020161
MI0005875	MIMAT0005027
MI0005875	MIMAT0020907
MI0005806	MIMAT0005465
MI0005806	MIMAT0020846
MI0005837	MIMAT0005496
MI0005837	MIMAT0020877
MI0017747	MIMAT0020181
MI0017747	MIMAT0020182
MI0005838	MIMAT0005497
MI0005838	MIMAT0020878
MI0011585	MIMAT0012206
MI0011585	MIMAT0012207
MI0016041	MIMAT0018055
MI0016041	MIMAT0018056
MI0017741	MIMAT0020171
MI0017741	MIMAT0020172
MI0005839	MIMAT0005498
MI0005839	MIMAT0020879
MI0000409	MIMAT0000388
MI0000409	MIMAT0020824
MI0005840	MIMAT0005499
MI0005840	MIMAT0020880
MI0005841	MIMAT0005499
MI0005841	MIMAT0020880
MI0005842	MIMAT0005500
MI0005842	MIMAT0020881
MI0000410	MIMAT0000389
MI0000410	MIMAT0020825
MI0000135	MIMAT0000119
MI0000135	MIMAT0020797
MI0005827	MIMAT0005486
MI0005827	MIMAT0020867
MI0005828	MIMAT0005487
MI0005828	MIMAT0020868
MI0000368	MIMAT0000347
MI0000368	MIMAT0020810
MI0000411	MIMAT0000390
MI0000411	MIMAT0020826
MI0000132	MIMAT0000117
MI0000132	MIMAT0020794
MI0005843	MIMAT0005501
MI0005843	MIMAT0020882
MI0005844	MIMAT0005502
MI0005844	MIMAT0020883
MI0005826	MIMAT0005485
MI0005826	MIMAT0020866
MI0000376	MIMAT0000355
MI0000376	MIMAT0020816
MI0005829	MIMAT0005488
MI0005829	MIMAT0020869
MI0005830	MIMAT0005489
MI0005830	MIMAT0020870
MI0005831	MIMAT0005490
MI0005831	MIMAT0020871
MI0011588	MIMAT0012212
MI0011588	MIMAT0012213
MI0017752	MIMAT0020190
MI0017752	MIMAT0020191
MI0005832	MIMAT0005491
MI0005832	MIMAT0020872
MI0005833	MIMAT0005492
MI0005833	MIMAT0020873
MI0005834	MIMAT0005493
MI0005834	MIMAT0020874
MI0005835	MIMAT0005494
MI0005835	MIMAT0020875
MI0005836	MIMAT0005495
MI0005836	MIMAT0020876
MI0001897	MIMAT0001777
MI0001897	MIMAT0003396
MI0001900	MIMAT0001779
MI0001903	MIMAT0003398
MI0001903	MIMAT0001782
MI0001907	MIMAT0001786
MI0001907	MIMAT0003400
MI0001904	MIMAT0003399
MI0001904	MIMAT0001783
MI0001951	MIMAT0001808
MI0001921	MIMAT0001792
MI0001987	MIMAT0001828
MI0002033	MIMAT0001858
MI0001908	MIMAT0001787
MI0001984	MIMAT0001826
MI0001977	MIMAT0001821
MI0004766	MIMAT0003749
MI0010848	MIMAT0011306
MI0010848	MIMAT0011307
MI0001963	MIMAT0001817
MI0002064	MIMAT0001873
MI0001363	MIMAT0001267
MI0001363	MIMAT0003391
MI0002012	MIMAT0001843
MI0001950	MIMAT0001807
MI0001950	MIMAT0003402
MI0001944	MIMAT0001805
MI0002040	MIMAT0003406
MI0002040	MIMAT0001864
MI0001922	MIMAT0001793
MI0001906	MIMAT0001785
MI0002179	MIMAT0001885
MI0002067	MIMAT0001874
MI0001905	MIMAT0001784
MI0001899	MIMAT0001778
MI0002178	MIMAT0001884
MI0002010	MIMAT0001842
MI0002034	MIMAT0001859
MI0001958	MIMAT0001813
MI0001975	MIMAT0001821
MI0001910	MIMAT0001788
MI0003385	MIMAT0003049
MI0001956	MIMAT0001812
MI0001978	MIMAT0001822
MI0010853	MIMAT0011313
MI0001946	MIMAT0001806
MI0001941	MIMAT0001804
MI0001995	MIMAT0001832
MI0002176	MIMAT0001882
MI0001969	MIMAT0001819
MI0002002	MIMAT0001835
MI0004783	MIMAT0003768
MI0001940	MIMAT0001803
MI0001870	MIMAT0001762
MI0002054	MIMAT0001286
MI0002035	MIMAT0001276
MI0002181	MIMAT0001887
MI0002181	MIMAT0001888
MI0002000	MIMAT0001834
MI0001925	MIMAT0001794
MI0004782	MIMAT0003767
MI0001966	MIMAT0001819
MI0001916	MIMAT0001790
MI0001928	MIMAT0001796
MI0001366	MIMAT0001270
MI0001886	MIMAT0001769
MI0001373	MIMAT0001277
MI0001373	MIMAT0003155
MI0001994	MIMAT0003405
MI0001994	MIMAT0001831
MI0002045	MIMAT0001866
MI0002041	MIMAT0003407
MI0002041	MIMAT0001865
MI0001967	MIMAT0001819
MI0001980	MIMAT0001824
MI0001882	MIMAT0001769
MI0019590	MIMAT0003753
MI0001380	MIMAT0001623
MI0001380	MIMAT0001282
MI0001862	MIMAT0001759
MI0001878	MIMAT0001768
MI0001992	MIMAT0001830
MI0010837	MIMAT0011292
MI0010837	MIMAT0011293
MI0001365	MIMAT0001269
MI0002038	MIMAT0001862
MI0002037	MIMAT0001861
MI0001927	MIMAT0001795
MI0001378	MIMAT0001280
MI0001887	MIMAT0001268
MI0001926	MIMAT0001794
MI0002001	MIMAT0001834
MI0001883	MIMAT0001769
MI0001883	MIMAT0003156
MI0001361	MIMAT0001266
MI0001379	MIMAT0003392
MI0001379	MIMAT0001281
MI0002003	MIMAT0001836
MI0002003	MIMAT0003159
MI0001915	MIMAT0001790
MI0019591	MIMAT0001790
MI0002036	MIMAT0001860
MI0001888	MIMAT0001770
MI0002017	MIMAT0001847
MI0002016	MIMAT0001846
MI0002024	MIMAT0001852
MI0002032	MIMAT0001857
MI0001375	MIMAT0001277
MI0001369	MIMAT0001273
MI0001955	MIMAT0001811
MI0001860	MIMAT0001759
MI0001983	MIMAT0001825
MI0001529	MIMAT0001425
MI0002113	MIMAT0001423
MI0002079	MIMAT0001425
MI0002081	MIMAT0001425
MI0002082	MIMAT0001425
MI0002146	MIMAT0001424
MI0002122	MIMAT0001423
MI0002083	MIMAT0001425
MI0002114	MIMAT0001423
MI0002152	MIMAT0001424
MI0002088	MIMAT0001425
MI0002089	MIMAT0001425
MI0002147	MIMAT0001424
MI0002091	MIMAT0001425
MI0002092	MIMAT0001425
MI0002093	MIMAT0001425
MI0002155	MIMAT0001424
MI0002156	MIMAT0001424
MI0002096	MIMAT0001425
MI0002097	MIMAT0001425
MI0001912	MIMAT0001789
MI0001959	MIMAT0001813
MI0001976	MIMAT0001821
MI0002009	MIMAT0001841
MI0001884	MIMAT0001769
MI0001884	MIMAT0003156
MI0004774	MIMAT0003759
MI0010850	MIMAT0011309
MI0010850	MIMAT0011310
MI0001889	MIMAT0001771
MI0001889	MIMAT0003394
MI0002072	MIMAT0001876
MI0002019	MIMAT0001848
MI0002030	MIMAT0001856
MI0010836	MIMAT0011291
MI0002004	MIMAT0001837
MI0002039	MIMAT0001863
MI0001885	MIMAT0001769
MI0001885	MIMAT0003156
MI0004775	MIMAT0003760
MI0001893	MIMAT0001773
MI0002042	MIMAT0001279
MI0002021	MIMAT0001849
MI0001982	MIMAT0003158
MI0001982	MIMAT0001825
MI0001979	MIMAT0003157
MI0001979	MIMAT0001823
MI0003364	MIMAT0003032
MI0001929	MIMAT0001797
MI0001367	MIMAT0001270
MI0003387	MIMAT0001623
MI0002015	MIMAT0001845
MI0001364	MIMAT0001268
MI0002022	MIMAT0001850
MI0002073	MIMAT0001876
MI0001896	MIMAT0001776
MI0001387	MIMAT0001288
MI0001923	MIMAT0001794
MI0001952	MIMAT0001808
MI0001901	MIMAT0001780
MI0001901	MIMAT0003397
MI0001898	MIMAT0001777
MI0010851	MIMAT0011311
MI0001993	MIMAT0001830
MI0001993	MIMAT0003404
MI0001167	MIMAT0001097
MI0001167	MIMAT0026488
MI0001166	MIMAT0001096
MI0001166	MIMAT0026487
MI0001168	MIMAT0001098
MI0001170	MIMAT0001100
MI0001170	MIMAT0026490
MI0001175	MIMAT0001105
MI0001175	MIMAT0026493
MI0001178	MIMAT0001108
MI0001178	MIMAT0026494
MI0001184	MIMAT0001114
MI0001184	MIMAT0001115
MI0001229	MIMAT0001159
MI0001229	MIMAT0003722
MI0001244	MIMAT0003723
MI0001244	MIMAT0001169
MI0006982	MIMAT0007287
MI0006982	MIMAT0007288
MI0004996	MIMAT0003776
MI0004996	MIMAT0026644
MI0001192	MIMAT0001123
MI0001192	MIMAT0026506
MI0001193	MIMAT0001124
MI0001193	MIMAT0026507
MI0003710	MIMAT0003367
MI0003710	MIMAT0026634
MI0001248	MIMAT0001126
MI0001248	MIMAT0026509
MI0003714	MIMAT0003371
MI0003714	MIMAT0026635
MI0001250	MIMAT0001172
MI0001250	MIMAT0026534
MI0001257	MIMAT0001137
MI0001257	MIMAT0031105
MI0001260	MIMAT0001179
MI0001260	MIMAT0026540
MI0007559	MIMAT0007731
MI0007559	MIMAT0007732
MI0001204	MIMAT0001135
MI0001204	MIMAT0001136
MI0001205	MIMAT0001137
MI0001205	MIMAT0026515
MI0022373	MIMAT0025617
MI0022373	MIMAT0025618
MI0007055	MIMAT0007326
MI0007055	MIMAT0007327
MI0001216	MIMAT0001148
MI0001216	MIMAT0026521
MI0001218	MIMAT0001168
MI0001218	MIMAT0001150
MI0001219	MIMAT0001151
MI0001219	MIMAT0026522
MI0001274	MIMAT0001187
MI0001274	MIMAT0026547
MI0000342	MIMAT0004571
MI0000342	MIMAT0000318
MI0000737	MIMAT0001620
MI0000737	MIMAT0000682
MI0000268	MIMAT0000255
MI0000268	MIMAT0004557
MI0015995	MIMAT0017981
MI0015995	MIMAT0017982
MI0000749	MIMAT0000692
MI0000749	MIMAT0000693
MI0000736	MIMAT0000244
MI0000736	MIMAT0004674
MI0000103	MIMAT0004513
MI0000103	MIMAT0000099
MI0000483	MIMAT0000456
MI0000483	MIMAT0004612
MI0000239	MIMAT0000227
MI0000239	MIMAT0022691
MI0005767	MIMAT0004985
MI0005767	MIMAT0026734
MI0003560	MIMAT0004792
MI0003560	MIMAT0003218
MI0000466	MIMAT0000441
MI0000466	MIMAT0000442
MI0003562	MIMAT0003220
MI0003562	MIMAT0004793
MI0000281	MIMAT0000231
MI0000281	MIMAT0000232
MI0003123	MIMAT0002804
MI0003123	MIMAT0004763
MI0006425	MIMAT0005936
MI0000289	MIMAT0000256
MI0000289	MIMAT0000270
MI0000810	MIMAT0000758
MI0000810	MIMAT0004698
MI0003780	MIMAT0005794
MI0003780	MIMAT0026637
MI0006349	MIMAT0005878
MI0006349	MIMAT0026738
MI0014186	MIMAT0015032
MI0014186	MIMAT0019211
MI0006444	MIMAT0005951
MI0006444	MIMAT0022727
MI0006344	MIMAT0005874
MI0006344	MIMAT0026736
MI0003130	MIMAT0002810
MI0003130	MIMAT0002811
MI0000286	MIMAT0000267
MI0000286	MIMAT0026475
MI0005416	MIMAT0004284
MI0005416	MIMAT0006790
MI0002467	MIMAT0004761
MI0002467	MIMAT0002173
MI0000473	MIMAT0000242
MI0000473	MIMAT0004605
MI0022215	MIMAT0025462
MI0022215	MIMAT0025463
MI0008329	MIMAT0007881
MI0008329	MIMAT0026916
MI0000234	MIMAT0000222
MI0000234	MIMAT0004543
MI0000732	MIMAT0000460
MI0000732	MIMAT0004671
MI0000261	MIMAT0000250
MI0000261	MIMAT0004552
MI0005543	MIMAT0004926
MI0005543	MIMAT0004927
MI0006371	MIMAT0005892
MI0006371	MIMAT0022720
MI0000742	MIMAT0000685
MI0000742	MIMAT0004676
MI0000743	MIMAT0000686
MI0000743	MIMAT0004677
MI0000446	MIMAT0000423
MI0000446	MIMAT0004592
MI0000061	MIMAT0000062
MI0000061	MIMAT0010195
MI0000102	MIMAT0000098
MI0000102	MIMAT0004512
MI0000650	MIMAT0004657
MI0000650	MIMAT0000617
MI0000457	MIMAT0004598
MI0000457	MIMAT0000432
MI0000279	MIMAT0000226
MI0000279	MIMAT0004562
MI0003628	MIMAT0004804
MI0003628	MIMAT0003283
MI0000811	MIMAT0004699
MI0000811	MIMAT0000759
MI0003629	MIMAT0003284
MI0003629	MIMAT0004805
MI0000750	MIMAT0000082
MI0000750	MIMAT0004681
MI0000812	MIMAT0004700
MI0000812	MIMAT0000760
MI0016003	MIMAT0017990
MI0016003	MIMAT0017991
MI0000070	MIMAT0000069
MI0000070	MIMAT0004489
MI0000069	MIMAT0000068
MI0000069	MIMAT0004488
MI0000071	MIMAT0000070
MI0000071	MIMAT0000071
MI0000072	MIMAT0000072
MI0000072	MIMAT0002891
MI0000073	MIMAT0004490
MI0000073	MIMAT0000073
MI0000076	MIMAT0000075
MI0000076	MIMAT0004493
MI0000074	MIMAT0004491
MI0000074	MIMAT0000074
MI0000093	MIMAT0004507
MI0000093	MIMAT0000092
MI0019131	MIMAT0022265
MI0019131	MIMAT0022266
MI0017340	MIMAT0019807
MI0017340	MIMAT0019808
MI0005570	MIMAT0004960
MI0005570	MIMAT0026722
MI0003638	MIMAT0003293
MI0003638	MIMAT0004807
MI0003639	MIMAT0003294
MI0003639	MIMAT0004808
MI0000805	MIMAT0004694
MI0000805	MIMAT0000753
MI0000825	MIMAT0000772
MI0000825	MIMAT0022698
MI0003132	MIMAT0002813
MI0003132	MIMAT0003161
MI0000806	MIMAT0004695
MI0000806	MIMAT0000754
MI0001721	MIMAT0001625
MI0001721	MIMAT0004757
MI0001723	MIMAT0001627
MI0001723	MIMAT0026554
MI0000475	MIMAT0000448
MI0000475	MIMAT0004606
MI0000778	MIMAT0000722
MI0000778	MIMAT0026483
MI0000787	MIMAT0000733
MI0000787	MIMAT0004690
MI0003675	MIMAT0003329
MI0003675	MIMAT0004813
MI0000744	MIMAT0002890
MI0000744	MIMAT0000687
MI0000807	MIMAT0004696
MI0000807	MIMAT0000755
MI0003757	MIMAT0003879
MI0003757	MIMAT0022929
MI0001725	MIMAT0001629
MI0001725	MIMAT0026555
MI0001726	MIMAT0001629
MI0001726	MIMAT0026555
MI0003134	MIMAT0002816
MI0003134	MIMAT0026607
MI0005565	MIMAT0004954
MI0003135	MIMAT0002817
MI0003135	MIMAT0022924
MI0000776	MIMAT0000720
MI0000776	MIMAT0022861
MI0003529	MIMAT0000729
MI0003529	MIMAT0022928
MI0003676	MIMAT0003330
MI0003676	MIMAT0004814
MI0000784	MIMAT0003386
MI0000784	MIMAT0000729
MI0003844	MIMAT0005798
MI0003844	MIMAT0022838
MI0003821	MIMAT0005798
MI0003821	MIMAT0022713
MI0000789	MIMAT0000736
MI0000789	MIMAT0022862
MI0003530	MIMAT0003180
MI0003530	MIMAT0026614
MI0003514	MIMAT0003163
MI0003514	MIMAT0022705
MI0000790	MIMAT0000737
MI0000790	MIMAT0022697
MI0000474	MIMAT0000447
MI0000474	MIMAT0026481
MI0002469	MIMAT0002175
MI0002469	MIMAT0002176
MI0000480	MIMAT0000452
MI0000480	MIMAT0000453
MI0000785	MIMAT0004689
MI0000785	MIMAT0000730
MI0001735	MIMAT0001638
MI0001735	MIMAT0001639
MI0000777	MIMAT0001621
MI0000777	MIMAT0000721
MI0000283	MIMAT0000264
MI0000287	MIMAT0000268
MI0000287	MIMAT0022694
MI0003641	MIMAT0003296
MI0003641	MIMAT0026623
MI0003642	MIMAT0004809
MI0003642	MIMAT0003297
MI0010635	MIMAT0011160
MI0010635	MIMAT0011161
MI0000486	MIMAT0000458
MI0000486	MIMAT0026482
MI0003643	MIMAT0004810
MI0003643	MIMAT0003298
MI0000468	MIMAT0000441
MI0000468	MIMAT0000442
MI0003137	MIMAT0004767
MI0003137	MIMAT0002819
MI0000767	MIMAT0000710
MI0000767	MIMAT0009199
MI0022223	MIMAT0025478
MI0022223	MIMAT0025479
MI0023564	MIMAT0025478
MI0023564	MIMAT0025479
MI0023566	MIMAT0025478
MI0023566	MIMAT0025479
MI0000804	MIMAT0000752
MI0000804	MIMAT0026486
MI0000456	MIMAT0000431
MI0000456	MIMAT0004597
MI0008331	MIMAT0007884
MI0008331	MIMAT0026917
MI0000078	MIMAT0004495
MI0000078	MIMAT0000077
MI0000449	MIMAT0004594
MI0000449	MIMAT0000426
MI0000489	MIMAT0000461
MI0000489	MIMAT0004615
MI0003138	MIMAT0002820
MI0003138	MIMAT0004768
MI0005559	MIMAT0004945
MI0005559	MIMAT0004946
MI0003646	MIMAT0003301
MI0003646	MIMAT0004811
MI0000460	MIMAT0004600
MI0000460	MIMAT0000436
MI0001445	MIMAT0004748
MI0001445	MIMAT0001340
MI0000487	MIMAT0004614
MI0000487	MIMAT0000459
MI0000769	MIMAT0022833
MI0000769	MIMAT0022834
MI0017878	MIMAT0021043
MI0017878	MIMAT0021044
MI0000462	MIMAT0000438
MI0000462	MIMAT0026479
MI0000266	MIMAT0000253
MI0000266	MIMAT0004555
MI0016004	MIMAT0017992
MI0016004	MIMAT0017993
MI0003820	MIMAT0003884
MI0003820	MIMAT0003885
MI0000745	MIMAT0000688
MI0000745	MIMAT0022696
MI0003671	MIMAT0004812
MI0003671	MIMAT0003323
MI0016891	MIMAT0019062
MI0016891	MIMAT0019063
MI0014228	MIMAT0015066
MI0014228	MIMAT0015378
MI0000814	MIMAT0004701
MI0000814	MIMAT0000763
MI0000450	MIMAT0000427
MI0000450	MIMAT0026478
MI0000242	MIMAT0000231
MI0000242	MIMAT0000232
MI0000085	MIMAT0004501
MI0000085	MIMAT0000084
MI0000079	MIMAT0004496
MI0000079	MIMAT0000078
MI0003139	MIMAT0002821
MI0003139	MIMAT0026608
MI0018175	MIMAT0021128
MI0018175	MIMAT0021129
MI0000803	MIMAT0004693
MI0000803	MIMAT0000751
MI0003657	MIMAT0003312
MI0003657	MIMAT0020924
MI0003834	MIMAT0003886
MI0003834	MIMAT0003887
MI0000479	MIMAT0000451
MI0000479	MIMAT0004610
MI0000746	MIMAT0000689
MI0000746	MIMAT0004678
MI0000066	MIMAT0000066
MI0000066	MIMAT0004485
MI0000469	MIMAT0000443
MI0000469	MIMAT0004602
MI0003178	MIMAT0005452
MI0003178	MIMAT0002869
MI0000447	MIMAT0000424
MI0000447	MIMAT0026477
MI0000267	MIMAT0000254
MI0000267	MIMAT0004556
MI0003567	MIMAT0003225
MI0003567	MIMAT0022706
MI0014148	MIMAT0014995
MI0014148	MIMAT0014994
MI0014147	MIMAT0014995
MI0014147	MIMAT0014994
MI0017867	MIMAT0021021
MI0017867	MIMAT0021022
MI0000478	MIMAT0000450
MI0000478	MIMAT0004609
MI0000108	MIMAT0009196
MI0000108	MIMAT0000101
MI0017395	MIMAT0019895
MI0017395	MIMAT0019896
MI0016746	MIMAT0005919
MI0016746	MIMAT0022738
MI0000747	MIMAT0000690
MI0000747	MIMAT0004679
MI0000651	MIMAT0000416
MI0000451	MIMAT0000427
MI0000451	MIMAT0026478
MI0000101	MIMAT0000097
MI0000101	MIMAT0004511
MI0000470	MIMAT0000423
MI0000470	MIMAT0004603
MI0000681	MIMAT0000646
MI0000681	MIMAT0004658
MI0000482	MIMAT0000455
MI0000482	MIMAT0004611
MI0006443	MIMAT0005950
MI0006443	MIMAT0022726
MI0005568	MIMAT0004958
MI0000748	MIMAT0004680
MI0000748	MIMAT0000691
MI0006345	MIMAT0005875
MI0006345	MIMAT0026737
MI0000091	MIMAT0000091
MI0000091	MIMAT0004506
MI0006384	MIMAT0005901
MI0000062	MIMAT0000062
MI0000062	MIMAT0004481
MI0000063	MIMAT0000063
MI0000063	MIMAT0004482
MI0005560	MIMAT0004947
MI0005560	MIMAT0004948
MI0000727	MIMAT0000424
MI0000727	MIMAT0031095
MI0000083	MIMAT0000082
MI0000083	MIMAT0004499
MI0000476	MIMAT0000430
MI0000476	MIMAT0004607
MI0001448	MIMAT0003393
MI0001448	MIMAT0001343
MI0000465	MIMAT0000440
MI0000465	MIMAT0001618
MI0017434	MIMAT0019956
MI0017434	MIMAT0019957
MI0000433	MIMAT0000414
MI0000433	MIMAT0004584
MI0000452	MIMAT0000428
MI0000452	MIMAT0004595
MI0000438	MIMAT0000417
MI0000438	MIMAT0004586
MI0000115	MIMAT0000069
MI0000115	MIMAT0004518
MI0003575	MIMAT0004794
MI0003575	MIMAT0003233
MI0000086	MIMAT0000085
MI0000086	MIMAT0004502
MI0003577	MIMAT0003235
MI0003577	MIMAT0022707
MI0000294	MIMAT0000275
MI0000294	MIMAT0004565
MI0003581	MIMAT0004795
MI0003581	MIMAT0003239
MI0003583	MIMAT0003241
MI0003583	MIMAT0004796
MI0000738	MIMAT0000683
MI0000738	MIMAT0000684
MI0000773	MIMAT0000716
MI0000773	MIMAT0000717
MI0003584	MIMAT0003242
MI0014163	MIMAT0015008
MI0014163	MIMAT0019204
MI0005562	MIMAT0004951
MI0005562	MIMAT0026720
MI0003586	MIMAT0003244
MI0003586	MIMAT0026616
MI0003589	MIMAT0003247
MI0003589	MIMAT0004797
MI0000467	MIMAT0000441
MI0000467	MIMAT0000442
MI0005532	MIMAT0004911
MI0005532	MIMAT0026718
MI0003591	MIMAT0003249
MI0003591	MIMAT0022708
MI0000459	MIMAT0004599
MI0000459	MIMAT0000435
MI0000786	MIMAT0000731
MI0000786	MIMAT0000732
MI0000477	MIMAT0000449
MI0000477	MIMAT0004608
MI0003814	MIMAT0005796
MI0003814	MIMAT0022712
MI0000802	MIMAT0004692
MI0000802	MIMAT0000750
MI0000296	MIMAT0000276
MI0000296	MIMAT0004567
MI0000254	MIMAT0000244
MI0000254	MIMAT0004550
MI0000088	MIMAT0000087
MI0000088	MIMAT0000088
MI0014169	MIMAT0015014
MI0014169	MIMAT0015015
MI0000815	MIMAT0000764
MI0000815	MIMAT0004702
MI0003599	MIMAT0004799
MI0003599	MIMAT0003256
MI0000253	MIMAT0004549
MI0000253	MIMAT0000243
MI0001150	MIMAT0001080
MI0001150	MIMAT0009201
MI0003602	MIMAT0003258
MI0003602	MIMAT0004801
MI0006346	MIMAT0005876
MI0006346	MIMAT0022719
MI0000082	MIMAT0004498
MI0000082	MIMAT0000081
MI0000095	MIMAT0000093
MI0000095	MIMAT0004509
MI0000734	MIMAT0000680
MI0000734	MIMAT0004672
MI0000252	MIMAT0000242
MI0000252	MIMAT0004548
MI0000272	MIMAT0000259
MI0000272	MIMAT0000260
MI0000098	MIMAT0000095
MI0000098	MIMAT0004510
MI0000273	MIMAT0000261
MI0000273	MIMAT0004560
MI0000816	MIMAT0000765
MI0000816	MIMAT0004703
MI0000087	MIMAT0004503
MI0000087	MIMAT0000086
MI0000105	MIMAT0004514
MI0000105	MIMAT0000100
MI0003125	MIMAT0004764
MI0003125	MIMAT0002806
MI0003760	MIMAT0003880
MI0003760	MIMAT0004819
MI0014174	MIMAT0015020
MI0006414	MIMAT0005928
MI0006414	MIMAT0022723
MI0003612	MIMAT0003251
MI0003612	MIMAT0004803
MI0003668	MIMAT0004812
MI0003668	MIMAT0003323
MI0000441	MIMAT0000420
MI0000441	MIMAT0004589
MI0000255	MIMAT0000245
MI0000255	MIMAT0004551
MI0000809	MIMAT0004697
MI0000809	MIMAT0000757
MI0003126	MIMAT0002807
MI0003126	MIMAT0004765
MI0000089	MIMAT0000089
MI0000089	MIMAT0004504
MI0005542	MIMAT0004924
MI0005542	MIMAT0004925
MI0005564	MIMAT0004953
MI0005564	MIMAT0022717
MI0000263	MIMAT0000252
MI0000263	MIMAT0004553
MI0000060	MIMAT0000062
MI0000060	MIMAT0004481
MI0000067	MIMAT0000067
MI0000067	MIMAT0004486
MI0000065	MIMAT0000065
MI0000065	MIMAT0004484
MI0000440	MIMAT0004588
MI0000440	MIMAT0000419
MI0014181	MIMAT0015027
MI0014181	MIMAT0019208
MI0000090	MIMAT0000090
MI0000090	MIMAT0004505
MI0000683	MIMAT0000257
MI0000282	MIMAT0000263
MI0000282	MIMAT0004563
MI0000740	MIMAT0000276
MI0000740	MIMAT0004675
MI0017299	MIMAT0019747
MI0017299	MIMAT0019748
MI0000471	MIMAT0000444
MI0000471	MIMAT0000445
MI0003666	MIMAT0003321
MI0003666	MIMAT0026624
MI0000298	MIMAT0004568
MI0000298	MIMAT0000278
MI0000299	MIMAT0004569
MI0000299	MIMAT0000279
MI0003205	MIMAT0002888
MI0003205	MIMAT0004780
MI0000484	MIMAT0000457
MI0000484	MIMAT0004613
MI0003184	MIMAT0004773
MI0003184	MIMAT0002871
MI0000762	MIMAT0000705
MI0000762	MIMAT0004683
MI0003684	MIMAT0003338
MI0003684	MIMAT0022711
MI0000100	MIMAT0000096
MI0000100	MIMAT0022842
MI0000068	MIMAT0000067
MI0000068	MIMAT0004487
MI0016906	MIMAT0019078
MI0016906	MIMAT0020959
MI0000300	MIMAT0004570
MI0000300	MIMAT0000280
MI0005566	MIMAT0004955
MI0005566	MIMAT0004956
MI0003516	MIMAT0004785
MI0003516	MIMAT0003165
MI0000782	MIMAT0000727
MI0000782	MIMAT0004688
MI0000760	MIMAT0000703
MI0000760	MIMAT0004682
MI0003667	MIMAT0003322
MI0003667	MIMAT0022709
MI0003836	MIMAT0003888
MI0003836	MIMAT0022714
MI0000764	MIMAT0003385
MI0000764	MIMAT0000707
MI0000094	MIMAT0000092
MI0000094	MIMAT0004508
MI0000075	MIMAT0000074
MI0000075	MIMAT0004492
MI0001519	MIMAT0001413
MI0001519	MIMAT0004752
MI0000113	MIMAT0000103
MI0000113	MIMAT0004517
MI0005531	MIMAT0004909
MI0005531	MIMAT0004910
MI0001652	MIMAT0001545
MI0001652	MIMAT0022700
MI0003187	MIMAT0001545
MI0003187	MIMAT0031074
MI0003686	MIMAT0003340
MI0003686	MIMAT0003389
MI0003188	MIMAT0002874
MI0003188	MIMAT0022925
MI0001446	MIMAT0001341
MI0001446	MIMAT0004749
MI0003189	MIMAT0002875
MI0003189	MIMAT0026612
MI0003190	MIMAT0004776
MI0003190	MIMAT0002876
MI0006649	MIMAT0005789
MI0006649	MIMAT0022728
MI0003193	MIMAT0002878
MI0003193	MIMAT0022701
MI0003195	MIMAT0004778
MI0003195	MIMAT0002880
MI0014251	MIMAT0015087
MI0014251	MIMAT0015088
MI0005530	MIMAT0004779
MI0005530	MIMAT0002881
MI0005717	MIMAT0002881
MI0005717	MIMAT0004975
MI0003196	MIMAT0004779
MI0003196	MIMAT0002881
MI0003197	MIMAT0002882
MI0003197	MIMAT0026613
MI0003198	MIMAT0002883
MI0003198	MIMAT0022702
MI0003199	MIMAT0002883
MI0003199	MIMAT0022702
MI0003200	MIMAT0002883
MI0003200	MIMAT0022702
MI0000111	MIMAT0000102
MI0000111	MIMAT0004516
MI0003763	MIMAT0003882
MI0003763	MIMAT0003883
MI0000112	MIMAT0000102
MI0000112	MIMAT0004516
MI0019134	MIMAT0022271
MI0019134	MIMAT0022272
MI0005272	MIMAT0004088
MI0005272	MIMAT0004087
MI0012499	MIMAT0012743
MI0012499	MIMAT0026935
MI0005277	MIMAT0004093
MI0005277	MIMAT0026652
MI0005276	MIMAT0004092
MI0005276	MIMAT0026651
MI0005338	MIMAT0004149
MI0005338	MIMAT0026693
MI0005271	MIMAT0004088
MI0005271	MIMAT0004087
MI0005296	MIMAT0004107
MI0005296	MIMAT0026665
MI0005310	MIMAT0004154
MI0005310	MIMAT0031039
MI0005348	MIMAT0004160
MI0005348	MIMAT0026701
MI0005274	MIMAT0004090
MI0005274	MIMAT0026649
MI0007272	MIMAT0006147
MI0007272	MIMAT0026771
MI0023834	MIMAT0028622
MI0023834	MIMAT0028623
MI0005367	MIMAT0004177
MI0005367	MIMAT0026714
MI0005294	MIMAT0004105
MI0005294	MIMAT0026663
MI0023936	MIMAT0004171
MI0023936	MIMAT0031050
MI0007663	MIMAT0006233
MI0007663	MIMAT0026842
MI0007602	MIMAT0006172
MI0007602	MIMAT0026807
MI0007584	MIMAT0006160
MI0007584	MIMAT0026796
MI0007598	MIMAT0006169
MI0007598	MIMAT0026804
MI0002931	MIMAT0002506
MI0002931	MIMAT0002622
MI0007621	MIMAT0006777
MI0007621	MIMAT0026817
MI0007639	MIMAT0006209
MI0007639	MIMAT0026826
MI0007588	MIMAT0006162
MI0007588	MIMAT0026798
MI0012532	MIMAT0006185
MI0012532	MIMAT0031083
MI0007629	MIMAT0006195
MI0007629	MIMAT0006196
MI0012542	MIMAT0012785
MI0012542	MIMAT0026952
MI0007756	MIMAT0006339
MI0007756	MIMAT0006340
MI0007595	MIMAT0006167
MI0007595	MIMAT0026802
MI0007620	MIMAT0006188
MI0007620	MIMAT0026816
MI0007739	MIMAT0006321
MI0007739	MIMAT0006322
MI0007587	MIMAT0006161
MI0007587	MIMAT0026797
MI0007631	MIMAT0006199
MI0007631	MIMAT0006200
MI0007701	MIMAT0006277
MI0007701	MIMAT0006278
MI0007662	MIMAT0006231
MI0007662	MIMAT0006232
MI0002811	MIMAT0002509
MI0002811	MIMAT0026587
MI0007697	MIMAT0006270
MI0007697	MIMAT0006271
MI0007609	MIMAT0006179
MI0007609	MIMAT0026812
MI0007617	MIMAT0006184
MI0007617	MIMAT0026814
MI0002649	MIMAT0002352
MI0002649	MIMAT0026575
MI0007630	MIMAT0006197
MI0007630	MIMAT0006198
MI0002579	MIMAT0002225
MI0002579	MIMAT0031073
MI0002702	MIMAT0002410
MI0002702	MIMAT0026579
MI0007638	MIMAT0006208
MI0007638	MIMAT0026825
MI0007618	MIMAT0006185
MI0007618	MIMAT0006186
MI0007699	MIMAT0006274
MI0007699	MIMAT0026853
MI0002662	MIMAT0002365
MI0002662	MIMAT0026576
MI0007596	MIMAT0006168
MI0007596	MIMAT0026803
MI0002566	MIMAT0002271
MI0002566	MIMAT0031060
MI0007600	MIMAT0006170
MI0007600	MIMAT0031117
MI0002666	MIMAT0002369
MI0002666	MIMAT0002370
MI0007585	MIMAT0006160
MI0007585	MIMAT0026796
MI0007632	MIMAT0006201
MI0007632	MIMAT0026823
MI0002558	MIMAT0002266
MI0002558	MIMAT0026568
MI0007704	MIMAT0006282
MI0007704	MIMAT0006283
MI0002582	MIMAT0002281
MI0002582	MIMAT0026570
MI0007727	MIMAT0006308
MI0007727	MIMAT0026865
MI0007735	MIMAT0006317
MI0007735	MIMAT0026870
MI0007730	MIMAT0006311
MI0007730	MIMAT0026868
MI0002502	MIMAT0002213
MI0002502	MIMAT0026563
MI0007642	MIMAT0006212
MI0007642	MIMAT0006213
MI0002892	MIMAT0002583
MI0002892	MIMAT0026590
MI0000249	MIMAT0017004
MI0000249	MIMAT0000239
MI0000821	MIMAT0017083
MI0000821	MIMAT0000769
MI0000144	MIMAT0000128
MI0000144	MIMAT0000129
MI0000548	MIMAT0000514
MI0000548	MIMAT0005438
MI0000575	MIMAT0000534
MI0000575	MIMAT0004630
MI0000171	MIMAT0000159
MI0000171	MIMAT0016990
MI0000155	MIMAT0016982
MI0000155	MIMAT0000140
MI0000646	MIMAT0000612
MI0000646	MIMAT0017044
MI0000697	MIMAT0000210
MI0000697	MIMAT0000660
MI0004633	MIMAT0003449
MI0004633	MIMAT0003450
MI0016971	MIMAT0019345
MI0016971	MIMAT0019346
MI0000713	MIMAT0000229
MI0000713	MIMAT0000230
MI0000698	MIMAT0004664
MI0000698	MIMAT0000661
MI0009992	MIMAT0009458
MI0009992	MIMAT0017351
MI0000236	MIMAT0000224
MI0000236	MIMAT0016999
MI0000974	MIMAT0000904
MI0000974	MIMAT0017169
MI0000248	MIMAT0000238
MI0000248	MIMAT0017003
MI0000712	MIMAT0017063
MI0000712	MIMAT0000127
MI0009918	MIMAT0009392
MI0009918	MIMAT0022729
MI0009919	MIMAT0009393
MI0009919	MIMAT0017340
MI0019182	MIMAT0022355
MI0019182	MIMAT0022356
MI0014020	MIMAT0014822
MI0014020	MIMAT0014823
MI0000715	MIMAT0000147
MI0000715	MIMAT0017064
MI0004418	MIMAT0014813
MI0004418	MIMAT0014814
MI0004412	MIMAT0014811
MI0004412	MIMAT0014812
MI0000138	MIMAT0000122
MI0000138	MIMAT0004520
MI0000706	MIMAT0000533
MI0000706	MIMAT0017058
MI0009922	MIMAT0009396
MI0009922	MIMAT0009397
MI0004126	MIMAT0003729
MI0004126	MIMAT0017233
MI0000699	MIMAT0000662
MI0000699	MIMAT0017054
MI0000731	MIMAT0000679
MI0000731	MIMAT0017072
MI0000701	MIMAT0000663
MI0000701	MIMAT0005444
MI0000587	MIMAT0017024
MI0000587	MIMAT0000546
MI0000170	MIMAT0000158
MI0000170	MIMAT0016989
MI0000623	MIMAT0004651
MI0000623	MIMAT0000586
MI0014023	MIMAT0014828
MI0014023	MIMAT0014829
MI0004124	MIMAT0004187
MI0004124	MIMAT0004820
MI0014024	MIMAT0014830
MI0014024	MIMAT0014831
MI0009923	MIMAT0009398
MI0009923	MIMAT0017341
MI0000595	MIMAT0000555
MI0000595	MIMAT0000556
MI0004636	MIMAT0003453
MI0004636	MIMAT0017247
MI0000237	MIMAT0000225
MI0000237	MIMAT0017000
MI0000696	MIMAT0017053
MI0000696	MIMAT0000659
MI0000158	MIMAT0016984
MI0000158	MIMAT0000144
MI0000570	MIMAT0004629
MI0000570	MIMAT0000531
MI0004637	MIMAT0004825
MI0004637	MIMAT0003454
MI0000168	MIMAT0016988
MI0000168	MIMAT0000156
MI0000235	MIMAT0004544
MI0000235	MIMAT0000223
MI0001645	MIMAT0017179
MI0001645	MIMAT0000711
MI0000569	MIMAT0000530
MI0000569	MIMAT0004628
MI0000401	MIMAT0017008
MI0000401	MIMAT0000379
MI0000552	MIMAT0000518
MI0000552	MIMAT0017013
MI0000685	MIMAT0000648
MI0000685	MIMAT0004659
MI0014026	MIMAT0014834
MI0014026	MIMAT0014835
MI0000619	MIMAT0004647
MI0000619	MIMAT0000582
MI0014028	MIMAT0014838
MI0014028	MIMAT0014839
MI0004155	MIMAT0014805
MI0004155	MIMAT0014806
MI0014030	MIMAT0014842
MI0014030	MIMAT0014843
MI0000632	MIMAT0000595
MI0000632	MIMAT0004656
MI0004203	MIMAT0004822
MI0004203	MIMAT0003891
MI0004601	MIMAT0003739
MI0004601	MIMAT0004824
MI0000615	MIMAT0004644
MI0000615	MIMAT0000578
MI0003518	MIMAT0004786
MI0003518	MIMAT0003167
MI0004171	MIMAT0017238
MI0004171	MIMAT0003733
MI0001524	MIMAT0001418
MI0001524	MIMAT0004753
MI0001525	MIMAT0001419
MI0001525	MIMAT0001420
MI0000154	MIMAT0004530
MI0000154	MIMAT0000139
MI0001526	MIMAT0001421
MI0001526	MIMAT0001422
MI0000162	MIMAT0000148
MI0000162	MIMAT0004532
MI0000625	MIMAT0017037
MI0000625	MIMAT0000588
MI0001165	MIMAT0017174
MI0001165	MIMAT0001095
MI0000796	MIMAT0000743
MI0000796	MIMAT0017080
MI0001163	MIMAT0004747
MI0001163	MIMAT0001093
MI0000399	MIMAT0000377
MI0000399	MIMAT0004577
MI0000797	MIMAT0000744
MI0000797	MIMAT0000745
MI0000592	MIMAT0004638
MI0000592	MIMAT0000551
MI0004129	MIMAT0017235
MI0004129	MIMAT0003889
MI0000605	MIMAT0017032
MI0000605	MIMAT0000567
MI0004638	MIMAT0003455
MI0004638	MIMAT0017248
MI0004553	MIMAT0003737
MI0004553	MIMAT0004823
MI0003519	MIMAT0017207
MI0003519	MIMAT0003168
MI0004196	MIMAT0017239
MI0004196	MIMAT0003734
MI0003533	MIMAT0005295
MI0003533	MIMAT0003183
MI0001162	MIMAT0003388
MI0001162	MIMAT0001092
MI0000798	MIMAT0017081
MI0000798	MIMAT0000746
MI0003520	MIMAT0003169
MI0003520	MIMAT0017208
MI0005555	MIMAT0017282
MI0005555	MIMAT0004941
MI0000799	MIMAT0000747
MI0000799	MIMAT0004691
MI0000160	MIMAT0000146
MI0000160	MIMAT0016985
MI0004134	MIMAT0017237
MI0004134	MIMAT0003732
MI0003492	MIMAT0003128
MI0003492	MIMAT0003129
MI0000176	MIMAT0000164
MI0000176	MIMAT0004537
MI0004589	MIMAT0017244
MI0004589	MIMAT0003738
MI0000794	MIMAT0017079
MI0000794	MIMAT0000741
MI0003521	MIMAT0003170
MI0003521	MIMAT0017209
MI0001160	MIMAT0004746
MI0001160	MIMAT0001090
MI0003535	MIMAT0003185
MI0003535	MIMAT0003186
MI0001161	MIMAT0017172
MI0001161	MIMAT0001091
MI0014035	MIMAT0014852
MI0014035	MIMAT0014853
MI0004120	MIMAT0014800
MI0004120	MIMAT0014801
MI0014036	MIMAT0014854
MI0014036	MIMAT0014855
MI0000246	MIMAT0004547
MI0000246	MIMAT0000236
MI0000405	MIMAT0000383
MI0000405	MIMAT0000384
MI0000562	MIMAT0000525
MI0000562	MIMAT0004623
MI0000556	MIMAT0000521
MI0000556	MIMAT0004620
MI0005479	MIMAT0017268
MI0005479	MIMAT0004853
MI0000728	MIMAT0000677
MI0000728	MIMAT0004670
MI0000141	MIMAT0016980
MI0000141	MIMAT0000125
MI0000142	MIMAT0004522
MI0000142	MIMAT0000126
MI0014037	MIMAT0014856
MI0014037	MIMAT0014857
MI0000231	MIMAT0000218
MI0000231	MIMAT0000219
MI0000157	MIMAT0000142
MI0000157	MIMAT0000143
MI0006127	MIMAT0005291
MI0006127	MIMAT0005292
MI0001649	MIMAT0001542
MI0001649	MIMAT0017180
MI0014038	MIMAT0014858
MI0014038	MIMAT0014859
MI0000634	MIMAT0000597
MI0000634	MIMAT0017039
MI0000555	MIMAT0017014
MI0000555	MIMAT0000520
MI0005552	MIMAT0017280
MI0005552	MIMAT0004939
MI0000565	MIMAT0000527
MI0000565	MIMAT0004625
MI0000564	MIMAT0000526
MI0000564	MIMAT0004624
MI0005556	MIMAT0017283
MI0005556	MIMAT0004942
MI0000716	MIMAT0004527
MI0000716	MIMAT0000134
MI0000704	MIMAT0017057
MI0000704	MIMAT0000666
MI0000687	MIMAT0000649
MI0000687	MIMAT0000650
MI0000567	MIMAT0000528
MI0000567	MIMAT0004626
MI0000688	MIMAT0004660
MI0000688	MIMAT0000651
MI0000568	MIMAT0000529
MI0000568	MIMAT0004627
MI0000718	MIMAT0000513
MI0000718	MIMAT0017065
MI0000719	MIMAT0017066
MI0000719	MIMAT0000539
MI0005551	MIMAT0004937
MI0005551	MIMAT0004938
MI0000145	MIMAT0000130
MI0000145	MIMAT0004524
MI0000549	MIMAT0000515
MI0000549	MIMAT0017011
MI0000173	MIMAT0004536
MI0000173	MIMAT0000161
MI0014042	MIMAT0014866
MI0014042	MIMAT0014867
MI0009932	MIMAT0009408
MI0009932	MIMAT0017342
MI0000707	MIMAT0000667
MI0000707	MIMAT0004666
MI0014043	MIMAT0014868
MI0014043	MIMAT0014869
MI0004132	MIMAT0014804
MI0004132	MIMAT0010560
MI0000560	MIMAT0000523
MI0000560	MIMAT0005439
MI0000558	MIMAT0000522
MI0000558	MIMAT0004621
MI0009930	MIMAT0009405
MI0009930	MIMAT0009406
MI0000553	MIMAT0000518
MI0000553	MIMAT0004618
MI0005004	MIMAT0004837
MI0005004	MIMAT0003783
MI0000617	MIMAT0017036
MI0000617	MIMAT0000580
MI0005484	MIMAT0017271
MI0005484	MIMAT0004859
MI0000768	MIMAT0017077
MI0000768	MIMAT0000711
MI0000408	MIMAT0004583
MI0000408	MIMAT0000387
MI0009935	MIMAT0009411
MI0009935	MIMAT0019136
MI0000227	MIMAT0000214
MI0000227	MIMAT0016996
MI0000690	MIMAT0000653
MI0000690	MIMAT0004661
MI0022356	MIMAT0025585
MI0022356	MIMAT0025586
MI0014044	MIMAT0014870
MI0014044	MIMAT0014871
MI0000146	MIMAT0000131
MI0000146	MIMAT0016981
MI0000559	MIMAT0000523
MI0000559	MIMAT0004622
MI0000152	MIMAT0000136
MI0000152	MIMAT0004529
MI0000177	MIMAT0000165
MI0000177	MIMAT0016993
MI0004249	MIMAT0004188
MI0004249	MIMAT0017240
MI0000147	MIMAT0000132
MI0000147	MIMAT0004525
MI0000561	MIMAT0000524
MI0000561	MIMAT0017016
MI0000151	MIMAT0000135
MI0000151	MIMAT0004528
MI0018046	MIMAT0020645
MI0018046	MIMAT0022989
MI0000702	MIMAT0000664
MI0000702	MIMAT0017055
MI0000159	MIMAT0003473
MI0000159	MIMAT0000145
MI0006283	MIMAT0005835
MI0006283	MIMAT0017326
MI0000652	MIMAT0000123
MI0000652	MIMAT0017047
MI0009939	MIMAT0017344
MI0009939	MIMAT0009415
MI0000229	MIMAT0016997
MI0000229	MIMAT0000216
MI0018016	MIMAT0020615
MI0018016	MIMAT0022985
MI0000795	MIMAT0000742
MI0000795	MIMAT0003151
MI0000169	MIMAT0000157
MI0000169	MIMAT0004534
MI0000257	MIMAT0017006
MI0000257	MIMAT0000247
MI0000733	MIMAT0000224
MI0000733	MIMAT0017073
MI0000551	MIMAT0000517
MI0000551	MIMAT0017012
MI0000247	MIMAT0000237
MI0000247	MIMAT0017002
MI0000684	MIMAT0017048
MI0000684	MIMAT0000647
MI0014048	MIMAT0014878
MI0014048	MIMAT0014879
MI0004665	MIMAT0003475
MI0004665	MIMAT0004826
MI0014049	MIMAT0014880
MI0014049	MIMAT0014881
MI0014050	MIMAT0014882
MI0014050	MIMAT0014883
MI0006287	MIMAT0017327
MI0006287	MIMAT0005839
MI0004666	MIMAT0003476
MI0004666	MIMAT0017250
MI0006281	MIMAT0005833
MI0006281	MIMAT0017324
MI0009942	MIMAT0009418
MI0009942	MIMAT0017345
MI0014051	MIMAT0005833
MI0014051	MIMAT0014884
MI0014052	MIMAT0014885
MI0014052	MIMAT0014886
MI0004668	MIMAT0003477
MI0004668	MIMAT0017251
MI0002402	MIMAT0003409
MI0002402	MIMAT0002108
MI0004523	MIMAT0003477
MI0004523	MIMAT0017243
MI0014053	MIMAT0003409
MI0014053	MIMAT0002108
MI0005506	MIMAT0004879
MI0005506	MIMAT0004880
MI0014054	MIMAT0003477
MI0014054	MIMAT0017243
MI0004671	MIMAT0005448
MI0004671	MIMAT0003478
MI0005505	MIMAT0004877
MI0005505	MIMAT0004878
MI0014055	MIMAT0003477
MI0014055	MIMAT0017243
MI0014056	MIMAT0003409
MI0014056	MIMAT0002108
MI0014057	MIMAT0004877
MI0014057	MIMAT0004878
MI0014058	MIMAT0003477
MI0014058	MIMAT0017243
MI0014059	MIMAT0003409
MI0014059	MIMAT0002108
MI0014061	MIMAT0003477
MI0014061	MIMAT0017243
MI0014062	MIMAT0003409
MI0014062	MIMAT0002108
MI0014064	MIMAT0014889
MI0014064	MIMAT0014890
MI0014065	MIMAT0003409
MI0014065	MIMAT0002108
MI0014066	MIMAT0003477
MI0014066	MIMAT0017243
MI0014069	MIMAT0003409
MI0014069	MIMAT0002108
MI0014068	MIMAT0003477
MI0014068	MIMAT0017243
MI0014072	MIMAT0003409
MI0014072	MIMAT0002108
MI0014071	MIMAT0014889
MI0014071	MIMAT0014890
MI0014074	MIMAT0003409
MI0014074	MIMAT0002108
MI0005503	MIMAT0004875
MI0005503	MIMAT0004876
MI0014073	MIMAT0003477
MI0014073	MIMAT0017243
MI0014075	MIMAT0003477
MI0014075	MIMAT0017243
MI0014076	MIMAT0003409
MI0014076	MIMAT0002108
MI0014077	MIMAT0003477
MI0014077	MIMAT0017243
MI0006128	MIMAT0005293
MI0006128	MIMAT0005294
MI0005513	MIMAT0004886
MI0005513	MIMAT0004887
MI0004667	MIMAT0003477
MI0004667	MIMAT0017243
MI0014079	MIMAT0014893
MI0014079	MIMAT0014894
MI0009945	MIMAT0009421
MI0009945	MIMAT0017347
MI0005554	MIMAT0004940
MI0005554	MIMAT0017281
MI0000153	MIMAT0000137
MI0000153	MIMAT0000138
MI0000741	MIMAT0000664
MI0000741	MIMAT0022841
MI0000714	MIMAT0000672
MI0000714	MIMAT0004667
MI0000823	MIMAT0000673
MI0000823	MIMAT0017084
MI0000221	MIMAT0000208
MI0000221	MIMAT0004538
MI0000156	MIMAT0016983
MI0000156	MIMAT0000141
MI0009950	MIMAT0009426
MI0009950	MIMAT0017348
MI0000585	MIMAT0000209
MI0000585	MIMAT0000544
MI0004295	MIMAT0003736
MI0004295	MIMAT0017242
MI0004611	MIMAT0003740
MI0004611	MIMAT0003741
MI0000588	MIMAT0000546
MI0000588	MIMAT0017025
MI0004676	MIMAT0003482
MI0004676	MIMAT0017254
MI0000394	MIMAT0000374
MI0000394	MIMAT0004576
MI0014084	MIMAT0014903
MI0014084	MIMAT0014904
MI0000139	MIMAT0016979
MI0000139	MIMAT0000123
MI0000820	MIMAT0003473
MI0000820	MIMAT0000145
MI0000150	MIMAT0004527
MI0000150	MIMAT0000134
MI0000717	MIMAT0004527
MI0000717	MIMAT0000134
MI0000140	MIMAT0000124
MI0000140	MIMAT0004521
MI0000566	MIMAT0000527
MI0000566	MIMAT0017018
MI0014086	MIMAT0014907
MI0014086	MIMAT0014908
MI0000720	MIMAT0000142
MI0000720	MIMAT0000143
MI0005521	MIMAT0017278
MI0005521	MIMAT0004899
MI0005478	MIMAT0004852
MI0005478	MIMAT0017267
MI0000163	MIMAT0016986
MI0000163	MIMAT0000149
MI0004605	MIMAT0017245
MI0004605	MIMAT0003898
MI0003717	MIMAT0003375
MI0003717	MIMAT0003376
MI0000402	MIMAT0004579
MI0000402	MIMAT0000380
MI0003718	MIMAT0017225
MI0003718	MIMAT0003377
MI0000228	MIMAT0000215
MI0000228	MIMAT0004540
MI0005550	MIMAT0004936
MI0005550	MIMAT0017279
MI0009955	MIMAT0009431
MI0000691	MIMAT0000654
MI0000691	MIMAT0017050
MI0014088	MIMAT0014911
MI0014088	MIMAT0014912
MI0004679	MIMAT0003485
MI0004679	MIMAT0003742
MI0004680	MIMAT0003486
MI0004680	MIMAT0017255
MI0000579	MIMAT0000538
MI0000579	MIMAT0004634
MI0005549	MIMAT0004934
MI0005549	MIMAT0004935
MI0000148	MIMAT0004526
MI0000148	MIMAT0000133
MI0000547	MIMAT0000514
MI0000547	MIMAT0004616
MI0000259	MIMAT0000248
MI0000259	MIMAT0000249
MI0004684	MIMAT0017256
MI0004684	MIMAT0003490
MI0000584	MIMAT0000542
MI0000584	MIMAT0017022
MI0001642	MIMAT0017178
MI0001642	MIMAT0001537
MI0000554	MIMAT0004619
MI0000554	MIMAT0000519
MI0000243	MIMAT0004545
MI0000243	MIMAT0000233
MI0005472	MIMAT0004842
MI0005472	MIMAT0004843
MI0004133	MIMAT0003731
MI0004133	MIMAT0004821
MI0005518	MIMAT0004893
MI0005518	MIMAT0004894
MI0004685	MIMAT0003491
MI0004685	MIMAT0017257
MI0000689	MIMAT0017049
MI0000689	MIMAT0000652
MI0000581	MIMAT0000540
MI0000581	MIMAT0004636
MI0000407	MIMAT0000386
MI0000407	MIMAT0004582
MI0000621	MIMAT0000584
MI0000621	MIMAT0004649
MI0004127	MIMAT0003730
MI0004127	MIMAT0017234
MI0000222	MIMAT0000209
MI0000222	MIMAT0016994
MI0000224	MIMAT0000211
MI0000224	MIMAT0016995
MI0000583	MIMAT0000541
MI0000583	MIMAT0017021
MI0000225	MIMAT0000212
MI0000225	MIMAT0004539
MI0000817	MIMAT0000766
MI0000817	MIMAT0004704
MI0000576	MIMAT0004631
MI0000576	MIMAT0000535
MI0000143	MIMAT0004523
MI0000143	MIMAT0000127
MI0005002	MIMAT0017261
MI0005002	MIMAT0003780
MI0000550	MIMAT0004617
MI0000550	MIMAT0000516
MI0001151	MIMAT0001081
MI0001151	MIMAT0017170
MI0000166	MIMAT0004533
MI0000166	MIMAT0000153
MI0000694	MIMAT0004663
MI0000694	MIMAT0000657
MI0014091	MIMAT0014917
MI0014091	MIMAT0014918
MI0000388	MIMAT0000366
MI0000388	MIMAT0004572
MI0000389	MIMAT0000367
MI0000389	MIMAT0000368
MI0003539	MIMAT0003189
MI0003539	MIMAT0003190
MI0000391	MIMAT0004573
MI0000391	MIMAT0000371
MI0000392	MIMAT0004574
MI0000392	MIMAT0000372
MI0000393	MIMAT0004575
MI0000393	MIMAT0000373
MI0018037	MIMAT0020636
MI0018037	MIMAT0022986
MI0004485	MIMAT0014815
MI0004485	MIMAT0014816
MI0019188	MIMAT0022367
MI0019188	MIMAT0022368
MI0000607	MIMAT0004642
MI0000607	MIMAT0000569
MI0014093	MIMAT0014921
MI0014093	MIMAT0014922
MI0009961	MIMAT0017349
MI0009961	MIMAT0009437
MI0000172	MIMAT0000160
MI0000172	MIMAT0004535
MI0004524	MIMAT0014808
MI0004524	MIMAT0014819
MI0004227	MIMAT0014807
MI0004227	MIMAT0014808
MI0014096	MIMAT0014927
MI0014096	MIMAT0014928
MI0000630	MIMAT0017038
MI0000630	MIMAT0000593
MI0005495	MIMAT0017038
MI0005495	MIMAT0000593
MI0014098	MIMAT0014931
MI0014098	MIMAT0014932
MI0000708	MIMAT0000668
MI0000708	MIMAT0017059
MI0000729	MIMAT0000677
MI0000729	MIMAT0017070
MI0000721	MIMAT0000142
MI0000721	MIMAT0000143
MI0009991	MIMAT0009456
MI0009991	MIMAT0009457
MI0004692	MIMAT0004828
MI0004692	MIMAT0003498
MI0000598	MIMAT0017027
MI0000598	MIMAT0000559
MI0000693	MIMAT0000656
MI0000693	MIMAT0004662
MI0014100	MIMAT0014937
MI0014100	MIMAT0014938
MI0000245	MIMAT0004546
MI0000245	MIMAT0000235
MI0000695	MIMAT0017052
MI0000695	MIMAT0000658
MI0004123	MIMAT0003725
MI0004123	MIMAT0003726
MI0014102	MIMAT0014941
MI0014102	MIMAT0014942
MI0004486	MIMAT0014817
MI0004486	MIMAT0014818
MI0000800	MIMAT0000748
MI0000800	MIMAT0017082
MI0005450	MIMAT0004324
MI0005450	MIMAT0017264
MI0000724	MIMAT0000674
MI0000724	MIMAT0017068
MI0000571	MIMAT0017019
MI0000571	MIMAT0000532
MI0000578	MIMAT0004633
MI0000578	MIMAT0000537
MI0000572	MIMAT0000219
MI0000572	MIMAT0005440
MI0014104	MIMAT0014856
MI0014104	MIMAT0014946
MI0000603	MIMAT0017030
MI0000603	MIMAT0000565
MI0000165	MIMAT0000151
MI0000165	MIMAT0000152
MI0000241	MIMAT0000229
MI0000241	MIMAT0000230
MI0000692	MIMAT0000655
MI0000692	MIMAT0017051
MI0000557	MIMAT0000521
MI0000557	MIMAT0017015
MI0000725	MIMAT0000136
MI0000725	MIMAT0004669
MI0000403	MIMAT0000381
MI0000403	MIMAT0004580
MI0000404	MIMAT0000382
MI0000404	MIMAT0004581
MI0000232	MIMAT0000220
MI0000232	MIMAT0016998
MI0000161	MIMAT0000147
MI0000161	MIMAT0004531
MI0000137	MIMAT0000121
MI0000137	MIMAT0004519
MI0000233	MIMAT0000221
MI0000233	MIMAT0004542
MI0001447	MIMAT0004750
MI0001447	MIMAT0001342
MI0000726	MIMAT0017069
MI0000726	MIMAT0000140
MI0000573	MIMAT0000533
MI0000573	MIMAT0017020
MI0000722	MIMAT0000150
MI0000722	MIMAT0004668
MI0004702	MIMAT0017258
MI0004702	MIMAT0003507
MI0000763	MIMAT0000706
MI0000763	MIMAT0004684
MI0000230	MIMAT0000217
MI0000230	MIMAT0004541
MI0003206	MIMAT0002889
MI0003206	MIMAT0004781
MI0006306	MIMAT0005859
MI0006306	MIMAT0017332
MI0000709	MIMAT0017060
MI0000709	MIMAT0000669
MI0014107	MIMAT0014951
MI0014107	MIMAT0014952
MI0000765	MIMAT0017076
MI0000765	MIMAT0000708
MI0000580	MIMAT0004635
MI0000580	MIMAT0000539
MI0003536	MIMAT0003187
MI0003536	MIMAT0004788
MI0005483	MIMAT0004858
MI0005483	MIMAT0017270
MI0000406	MIMAT0000385
MI0000406	MIMAT0017009
MI0004705	MIMAT0003511
MI0004705	MIMAT0003512
MI0001653	MIMAT0001546
MI0001653	MIMAT0017182
MI0003537	MIMAT0001546
MI0003537	MIMAT0004789
MI0003522	MIMAT0003171
MI0003522	MIMAT0003172
MI0000643	MIMAT0000609
MI0000643	MIMAT0017042
MI0003538	MIMAT0003188
MI0003538	MIMAT0004790
MI0000590	MIMAT0000548
MI0000590	MIMAT0000549
MI0005515	MIMAT0004889
MI0005515	MIMAT0017277
MI0004706	MIMAT0017259
MI0004706	MIMAT0003513
MI0005207	MIMAT0017263
MI0005207	MIMAT0004238
MI0005470	MIMAT0004839
MI0005470	MIMAT0004840
MI0005206	MIMAT0004838
MI0005206	MIMAT0004237
MI0005476	MIMAT0004848
MI0005476	MIMAT0004849
MI0005477	MIMAT0004850
MI0005477	MIMAT0004851
MI0002406	MIMAT0002112
MI0002406	MIMAT0017195
MI0005205	MIMAT0017262
MI0005205	MIMAT0004236
MI0002398	MIMAT0002104
MI0002398	MIMAT0004758
MI0005473	MIMAT0017266
MI0005473	MIMAT0004844
MI0005548	MIMAT0004932
MI0005548	MIMAT0004933
MI0005471	MIMAT0004841
MI0005471	MIMAT0017265
MI0002405	MIMAT0002111
MI0002405	MIMAT0004760
MI0005500	MIMAT0004873
MI0005500	MIMAT0004874
MI0005498	MIMAT0004871
MI0005498	MIMAT0004872
MI0005501	MIMAT0004873
MI0005501	MIMAT0004874
MI0005499	MIMAT0004871
MI0005499	MIMAT0004872
MI0002400	MIMAT0002106
MI0002400	MIMAT0004217
MI0000244	MIMAT0000234
MI0000244	MIMAT0017001
MI0003523	MIMAT0017210
MI0003523	MIMAT0003173
MI0001734	MIMAT0001637
MI0001734	MIMAT0017194
MI0018044	MIMAT0020643
MI0018044	MIMAT0022988
MI0000703	MIMAT0017056
MI0000703	MIMAT0000665
MI0005003	MIMAT0003781
MI0005003	MIMAT0003782
MI0005496	MIMAT0017273
MI0005496	MIMAT0004869
MI0004258	MIMAT0003735
MI0004258	MIMAT0017241
MI0001146	MIMAT0004745
MI0001146	MIMAT0001076
MI0000597	MIMAT0000558
MI0000597	MIMAT0004640
MI0000761	MIMAT0000704
MI0000761	MIMAT0017075
MI0004965	MIMAT0017260
MI0004965	MIMAT0003711
MI0004310	MIMAT0003894
MI0004310	MIMAT0003895
MI0004130	MIMAT0014802
MI0004130	MIMAT0014803
MI0004300	MIMAT0014809
MI0004300	MIMAT0014810
MI0001638	MIMAT0017176
MI0001638	MIMAT0001533
MI0000563	MIMAT0000525
MI0000563	MIMAT0017017
MI0000586	MIMAT0000545
MI0000586	MIMAT0017023
MI0010292	MIMAT0009772
MI0010292	MIMAT0009773
MI0006685	MIMAT0006833
MI0006685	MIMAT0006834
MI0006701	MIMAT0006864
MI0006701	MIMAT0006865
MI0024047	MIMAT0006864
MI0024047	MIMAT0006865
MI0006724	MIMAT0006904
MI0006724	MIMAT0006905
MI0006729	MIMAT0006913
MI0006729	MIMAT0006914
MI0006758	MIMAT0006956
MI0006758	MIMAT0006957
MI0006772	MIMAT0006982
MI0006772	MIMAT0006983
MI0006658	MIMAT0006792
MI0006658	MIMAT0006793
MI0006861	MIMAT0007125
MI0006861	MIMAT0007126
MI0006866	MIMAT0007134
MI0006866	MIMAT0007135
MI0006870	MIMAT0007141
MI0006870	MIMAT0007142
MI0006871	MIMAT0007143
MI0006871	MIMAT0007144
MI0006890	MIMAT0007172
MI0006890	MIMAT0007173
MI0006911	MIMAT0007203
MI0006911	MIMAT0007204
MI0006921	MIMAT0007218
MI0006921	MIMAT0007219
MI0008244	MIMAT0007792
MI0008245	MIMAT0007793
MI0008245	MIMAT0007794
MI0001026	MIMAT0000957
MI0000655	MIMAT0000620
MI0000655	MIMAT0022846
MI0000654	MIMAT0000619
MI0000654	MIMAT0022845
MI0010556	MIMAT0010056
MI0010556	MIMAT0010057
MI0001095	MIMAT0001025
MI0018055	MIMAT0021087
MI0001149	MIMAT0001079
MI0001149	MIMAT0022884
MI0008247	MIMAT0007796
MI0000653	MIMAT0000618
MI0001098	MIMAT0001028
MI0001098	MIMAT0020914
MI0001098	MIMAT0020915
MI0008223	MIMAT0007764
MI0008223	MIMAT0007765
MI0008242	MIMAT0007788
MI0008242	MIMAT0007789
MI0008292	MIMAT0007843
MI0008292	MIMAT0015285
MI0019804	MIMAT0023259
MI0019838	MIMAT0023293
MI0001111	MIMAT0001041
MI0000670	MIMAT0000635
MI0000670	MIMAT0022855
MI0001135	MIMAT0001065
MI0001135	MIMAT0022878
MI0008282	MIMAT0007833
MI0001130	MIMAT0001060
MI0001129	MIMAT0001059
MI0011268	MIMAT0011757
MI0003505	MIMAT0003142
MI0003505	MIMAT0022927
MI0017251	MIMAT0019673
MI0017251	MIMAT0019674
MI0008243	MIMAT0007790
MI0008243	MIMAT0007791
MI0013044	MIMAT0013830
MI0006970	MIMAT0005964
MI0001142	MIMAT0001072
MI0001142	MIMAT0022881
MI0000676	MIMAT0000641
MI0000676	MIMAT0006780
MI0001113	MIMAT0001043
MI0001113	MIMAT0022874
MI0000663	MIMAT0000628
MI0000663	MIMAT0022851
MI0001110	MIMAT0001040
MI0001110	MIMAT0022873
MI0000656	MIMAT0000621
MI0001061	MIMAT0000992
MI0000667	MIMAT0000632
MI0000661	MIMAT0000626
MI0001027	MIMAT0000958
MI0001107	MIMAT0001037
MI0001107	MIMAT0022870
MI0001143	MIMAT0001073
MI0001143	MIMAT0022882
MI0001104	MIMAT0001034
MI0001046	MIMAT0000977
MI0001046	MIMAT0022863
MI0001048	MIMAT0000979
MI0001048	MIMAT0022865
MI0001154	MIMAT0001084
MI0001154	MIMAT0022885
MI0000674	MIMAT0000639
MI0000674	MIMAT0022859
MI0003201	MIMAT0002884
MI0003201	MIMAT0022926
MI0001136	MIMAT0001066
MI0001136	MIMAT0022879
MI0013028	MIMAT0013813
MI0019003	MIMAT0022118
MI0001144	MIMAT0001074
MI0001144	MIMAT0022883
MI0001137	MIMAT0001067
MI0001137	MIMAT0022880
MI0001158	MIMAT0001088
MI0001158	MIMAT0022887
MI0000677	MIMAT0000642
MI0000666	MIMAT0000631
MI0000666	MIMAT0022854
MI0019015	MIMAT0022130
MI0000678	MIMAT0000643
MI0000678	MIMAT0022860
MI0008266	MIMAT0007815
MI0008266	MIMAT0007816
MI0019031	MIMAT0022146
MI0001690	MIMAT0001588
MI0001690	MIMAT0022888
MI0006973	MIMAT0005967
MI0006973	MIMAT0026762
MI0003203	MIMAT0006787
MI0003203	MIMAT0002886
MI0005804	MIMAT0005015
MI0018065	MIMAT0021098
MI0018065	MIMAT0021099
MI0001122	MIMAT0001052
MI0001102	MIMAT0001032
MI0000657	MIMAT0000622
MI0001147	MIMAT0001077
MI0001118	MIMAT0001048
MI0001029	MIMAT0000960
MI0001028	MIMAT0000959
MI0005085	MIMAT0003871
MI0005087	MIMAT0003873
MI0005088	MIMAT0003874
MI0005092	MIMAT0003878
MI0001037	MIMAT0000968
MI0001091	MIMAT0001021
MI0001091	MIMAT0022866
MI0006965	MIMAT0005959
MI0006965	MIMAT0020933
MI0019844	MIMAT0023299
MI0008227	MIMAT0007770
MI0008227	MIMAT0009210
MI0008227	MIMAT0009211
MI0001055	MIMAT0000986
MI0018067	MIMAT0021101
MI0018067	MIMAT0021102
MI0001047	MIMAT0000978
MI0001047	MIMAT0022864
MI0009717	MIMAT0009137
MI0009717	MIMAT0015286
MI0019847	MIMAT0023302
MI0000680	MIMAT0000645
MI0000662	MIMAT0000627
MI0000662	MIMAT0022850
MI0008254	MIMAT0007803
MI0001114	MIMAT0001044
MI0001114	MIMAT0022875
MI0000664	MIMAT0000629
MI0000664	MIMAT0022852
MI0001049	MIMAT0000980
MI0001100	MIMAT0001030
MI0001100	MIMAT0022867
MI0001109	MIMAT0001039
MI0001109	MIMAT0022872
MI0019037	MIMAT0022152
MI0001141	MIMAT0001071
MI0019032	MIMAT0022147
MI0006972	MIMAT0005966
MI0006972	MIMAT0022950
MI0000668	MIMAT0000633
MI0011269	MIMAT0011758
MI0000665	MIMAT0000630
MI0000665	MIMAT0022853
MI0001032	MIMAT0000963
MI0001033	MIMAT0000964
MI0001034	MIMAT0000965
MI0001035	MIMAT0000966
MI0001036	MIMAT0000967
MI0018072	MIMAT0021107
MI0018072	MIMAT0021108
MI0000658	MIMAT0000623
MI0000658	MIMAT0022847
MI0018073	MIMAT0021109
MI0018073	MIMAT0021110
MI0000660	MIMAT0031156
MI0000660	MIMAT0031157
MI0001101	MIMAT0001031
MI0001101	MIMAT0022868
MI0001124	MIMAT0001054
MI0001124	MIMAT0020917
MI0001124	MIMAT0022876
MI0001123	MIMAT0001053
MI0001128	MIMAT0001058
MI0001127	MIMAT0001057
MI0000659	MIMAT0000624
MI0000659	MIMAT0022848
MI0008284	MIMAT0007835
MI0001108	MIMAT0001038
MI0001108	MIMAT0022871
MI0001125	MIMAT0001055
MI0001126	MIMAT0001056
MI0001139	MIMAT0001069
MI0005928	MIMAT0005061
MI0004716	MIMAT0004830
MI0004716	MIMAT0003906
MI0005655	MIMAT0004347
MI0004726	MIMAT0003916
MI0004726	MIMAT0004834
MI0004711	MIMAT0003901
MI0005939	MIMAT0005073
MI0005939	MIMAT0005074
MI0005975	MIMAT0005123
MI0003506	MIMAT0003143
MI0006023	MIMAT0005183
MI0005906	MIMAT0005039
MI0005907	MIMAT0005040
MI0005909	MIMAT0005042
MI0004713	MIMAT0003903
MI0006038	MIMAT0005201
MI0005959	MIMAT0005101
MI0005955	MIMAT0005097
MI0010530	MIMAT0010015
MI0005658	MIMAT0004350
MI0005971	MIMAT0005116
MI0005971	MIMAT0005117
MI0005941	MIMAT0005077
MI0005941	MIMAT0005078
MI0005937	MIMAT0005069
MI0005937	MIMAT0005070
MI0005926	MIMAT0005059
MI0003502	MIMAT0003139
MI0005942	MIMAT0005079
MI0005942	MIMAT0005080
MI0005657	MIMAT0004349
MI0003511	MIMAT0003148
MI0005936	MIMAT0005068
MI0006028	MIMAT0005188
MI0005993	MIMAT0005141
MI0010531	MIMAT0010016
MI0005910	MIMAT0005043
MI0010532	MIMAT0010017
MI0005994	MIMAT0005142
MI0005976	MIMAT0005124
MI0004727	MIMAT0003917
MI0005930	MIMAT0005063
MI0004710	MIMAT0003900
MI0004710	MIMAT0004829
MI0005675	MIMAT0004363
MI0003497	MIMAT0003134
MI0005968	MIMAT0005113
MI0006018	MIMAT0005177
MI0005672	MIMAT0004360
MI0005672	MIMAT0003899
MI0005973	MIMAT0005120
MI0005973	MIMAT0005121
MI0006007	MIMAT0005163
MI0006007	MIMAT0005164
MI0005979	MIMAT0005127
MI0005961	MIMAT0005104
MI0005961	MIMAT0005105
MI0005659	MIMAT0004351
MI0004729	MIMAT0003919
MI0004729	MIMAT0004327
MI0005674	MIMAT0004362
MI0005674	MIMAT0003902
MI0005902	MIMAT0005035
MI0005654	MIMAT0004346
MI0010535	MIMAT0010020
MI0006003	MIMAT0005156
MI0006003	MIMAT0005157
MI0005660	MIMAT0004352
MI0006006	MIMAT0005161
MI0006006	MIMAT0005162
MI0005982	MIMAT0005130
MI0005977	MIMAT0005125
MI0006039	MIMAT0005202
MI0006039	MIMAT0005203
MI0005965	MIMAT0005110
MI0005972	MIMAT0005118
MI0005972	MIMAT0005119
MI0010536	MIMAT0010021
MI0005908	MIMAT0005041
MI0003512	MIMAT0003149
MI0005953	MIMAT0005095
MI0005901	MIMAT0005034
MI0005964	MIMAT0005109
MI0005903	MIMAT0005036
MI0005980	MIMAT0005128
MI0004725	MIMAT0003915
MI0006024	MIMAT0005184
MI0004728	MIMAT0003918
MI0005956	MIMAT0005098
MI0005943	MIMAT0005081
MI0005943	MIMAT0005082
MI0005944	MIMAT0005083
MI0005944	MIMAT0005084
MI0005695	MIMAT0004382
MI0005695	MIMAT0004383
MI0005962	MIMAT0005106
MI0005962	MIMAT0005107
MI0010538	MIMAT0010024
MI0010538	MIMAT0010025
MI0003508	MIMAT0003145
MI0005966	MIMAT0005111
MI0005954	MIMAT0005096
MI0005958	MIMAT0005100
MI0005960	MIMAT0005102
MI0005960	MIMAT0005103
MI0005999	MIMAT0005150
MI0004718	MIMAT0003908
MI0004719	MIMAT0003909
MI0006027	MIMAT0005187
MI0006025	MIMAT0005185
MI0005688	MIMAT0004375
MI0006017	MIMAT0005176
MI0005945	MIMAT0005085
MI0005945	MIMAT0005086
MI0006031	MIMAT0005192
MI0004715	MIMAT0003905
MI0005997	MIMAT0005146
MI0005997	MIMAT0005147
MI0006011	MIMAT0005169
MI0003500	MIMAT0003137
MI0003500	MIMAT0004783
MI0005995	MIMAT0005143
MI0005995	MIMAT0005144
MI0006009	MIMAT0005166
MI0022001	MIMAT0025227
MI0022001	MIMAT0025228
MI0002250	MIMAT0001956
MI0002310	MIMAT0002016
MI0002310	MIMAT0022909
MI0002293	MIMAT0001999
MI0002293	MIMAT0022905
MI0002289	MIMAT0001995
MI0007034	MIMAT0005996
MI0022020	MIMAT0025248
MI0002368	MIMAT0002074
MI0002368	MIMAT0022918
MI0007047	MIMAT0006009
MI0002356	MIMAT0002062
MI0002356	MIMAT0022914
MI0007032	MIMAT0005994
MI0007032	MIMAT0002095
MI0002193	MIMAT0001899
MI0002271	MIMAT0001977
MI0002271	MIMAT0022900
MI0007045	MIMAT0006007
MI0022029	MIMAT0025257
MI0022047	MIMAT0025275
MI0022047	MIMAT0025276
MI0022042	MIMAT0025270
MI0002216	MIMAT0001922
MI0022048	MIMAT0025277
MI0022048	MIMAT0025278
MI0002188	MIMAT0001894
MI0002189	MIMAT0001895
MI0002326	MIMAT0002032
MI0002329	MIMAT0002035
MI0002329	MIMAT0022910
MI0002264	MIMAT0001970
MI0002264	MIMAT0022899
MI0002352	MIMAT0002058
MI0002352	MIMAT0022913
MI0002243	MIMAT0001949
MI0002243	MIMAT0022896
MI0021965	MIMAT0025184
MI0021965	MIMAT0025185
MI0021969	MIMAT0025189
MI0007050	MIMAT0006012
MI0002244	MIMAT0001950
MI0002244	MIMAT0022897
MI0002251	MIMAT0001957
MI0002248	MIMAT0001954
MI0002205	MIMAT0001911
MI0002205	MIMAT0022892
MI0002325	MIMAT0002031
MI0002328	MIMAT0002034
MI0002223	MIMAT0001929
MI0002331	MIMAT0002037
MI0002331	MIMAT0022911
MI0021988	MIMAT0025213
MI0005115	MIMAT0003944
MI0005115	MIMAT0022932
MI0007048	MIMAT0006010
MI0002241	MIMAT0001947
MI0002241	MIMAT0022894
MI0002337	MIMAT0002043
MI0002337	MIMAT0022912
MI0010881	MIMAT0011341
MI0001500	MIMAT0001394
MI0010882	MIMAT0011342
MI0001856	MIMAT0001758
MI0001555	MIMAT0001451
MI0010860	MIMAT0011320
MI0019096	MIMAT0022241
MI0001558	MIMAT0001454
MI0001558	MIMAT0026431
MI0010898	MIMAT0011358
MI0023519	MIMAT0026412
MI0023519	MIMAT0026413
MI0010872	MIMAT0011332
MI0001554	MIMAT0001450
MI0019097	MIMAT0022242
MI0001503	MIMAT0001397
MI0010171	MIMAT0009635
MI0010171	MIMAT0019157
MI0017556	MIMAT0020019
MI0017556	MIMAT0020020
MI0017580	MIMAT0020051
MI0017580	MIMAT0020052
MI0017561	MIMAT0020027
MI0017561	MIMAT0020028
MI0010169	MIMAT0009632
MI0010169	MIMAT0009633
MI0017559	MIMAT0020023
MI0017559	MIMAT0020024
MI0010154	MIMAT0009616
MI0010154	MIMAT0019155
MI0010148	MIMAT0009610
MI0010172	MIMAT0009636
MI0010172	MIMAT0019158
MI0020257	MIMAT0023610
MI0008365	MIMAT0007922
MI0009979	MIMAT0009146
MI0018482	MIMAT0020769
MI0008357	MIMAT0007914
MI0008358	MIMAT0007915
MI0019258	MIMAT0022688
MI0009976	MIMAT0009143
MI0008371	MIMAT0007928
MI0008356	MIMAT0007913
MI0008355	MIMAT0007912
MI0008359	MIMAT0007916
MI0009977	MIMAT0009144
MI0010276	MIMAT0009747
MI0020255	MIMAT0023608
MI0020246	MIMAT0023598
MI0020246	MIMAT0031161
MI0020256	MIMAT0023609
MI0020256	MIMAT0031164
MI0020241	MIMAT0023593
MI0020241	MIMAT0031159
MI0020244	MIMAT0023596
MI0020248	MIMAT0023600
MI0020248	MIMAT0031162
MI0020245	MIMAT0023597
MI0020245	MIMAT0031160
MI0020249	MIMAT0023601
MI0020249	MIMAT0031163
MI0006173	MIMAT0005346
MI0006175	MIMAT0005348
MI0016286	MIMAT0018678
MI0016286	MIMAT0018679
MI0016281	MIMAT0018668
MI0016281	MIMAT0018669
MI0016280	MIMAT0018666
MI0016280	MIMAT0018667
MI0016267	MIMAT0018642
MI0016267	MIMAT0018643
MI0016291	MIMAT0018688
MI0016291	MIMAT0018689
MI0016282	MIMAT0018670
MI0016282	MIMAT0018671
MI0016269	MIMAT0018646
MI0016269	MIMAT0018647
MI0016274	MIMAT0018656
MI0016274	MIMAT0018657
MI0016265	MIMAT0018638
MI0016265	MIMAT0018639
MI0016289	MIMAT0018684
MI0016289	MIMAT0018685
MI0016268	MIMAT0018644
MI0016268	MIMAT0018645
MI0016276	MIMAT0018644
MI0016276	MIMAT0018645
MI0016271	MIMAT0018650
MI0016271	MIMAT0018651
MI0016263	MIMAT0018634
MI0016263	MIMAT0018635
MI0016284	MIMAT0018674
MI0016284	MIMAT0018675
MI0016261	MIMAT0018630
MI0016261	MIMAT0018631
MI0016260	MIMAT0018628
MI0016260	MIMAT0018629
MI0016302	MIMAT0018710
MI0016302	MIMAT0018711
MI0016300	MIMAT0018706
MI0016300	MIMAT0018707
MI0008933	MIMAT0008393
MI0008933	MIMAT0008394
MI0008899	MIMAT0008357
MI0008899	MIMAT0019101
MI0010585	MIMAT0010092
MI0010585	MIMAT0019179
MI0016303	MIMAT0018712
MI0016303	MIMAT0018713
MI0008907	MIMAT0008365
MI0008907	MIMAT0019109
MI0008901	MIMAT0008359
MI0008901	MIMAT0019103
MI0008902	MIMAT0008360
MI0008902	MIMAT0019104
MI0008894	MIMAT0019094
MI0008894	MIMAT0019095
MI0016305	MIMAT0018716
MI0016305	MIMAT0018717
MI0008903	MIMAT0008361
MI0008903	MIMAT0019105
MI0008920	MIMAT0008378
MI0008920	MIMAT0019122
MI0008922	MIMAT0008380
MI0008922	MIMAT0008381
MI0016386	MIMAT0018876
MI0016386	MIMAT0018877
MI0016309	MIMAT0018724
MI0016309	MIMAT0018725
MI0016304	MIMAT0018714
MI0016304	MIMAT0018715
MI0016306	MIMAT0018718
MI0016306	MIMAT0018719
MI0016312	MIMAT0018730
MI0016312	MIMAT0018731
MI0016313	MIMAT0018732
MI0016313	MIMAT0018733
MI0010584	MIMAT0010091
MI0010584	MIMAT0019178
MI0008900	MIMAT0008358
MI0008900	MIMAT0019102
MI0016315	MIMAT0018736
MI0016315	MIMAT0018737
MI0008918	MIMAT0008376
MI0008918	MIMAT0019120
MI0008905	MIMAT0008363
MI0008905	MIMAT0019107
MI0016358	MIMAT0018820
MI0016358	MIMAT0018821
MI0016357	MIMAT0018818
MI0016357	MIMAT0018819
MI0016330	MIMAT0018758
MI0016330	MIMAT0018759
MI0016326	MIMAT0018758
MI0016326	MIMAT0018759
MI0010587	MIMAT0010201
MI0010587	MIMAT0019181
MI0016328	MIMAT0018762
MI0016328	MIMAT0018763
MI0016321	MIMAT0018748
MI0016321	MIMAT0018749
MI0016320	MIMAT0018746
MI0016320	MIMAT0018747
MI0008892	MIMAT0008352
MI0008892	MIMAT0019092
MI0010586	MIMAT0010093
MI0010586	MIMAT0019180
MI0008912	MIMAT0008370
MI0008912	MIMAT0019114
MI0008932	MIMAT0008392
MI0008932	MIMAT0019132
MI0016363	MIMAT0018830
MI0016363	MIMAT0018831
MI0008908	MIMAT0008366
MI0008908	MIMAT0019110
MI0016332	MIMAT0018768
MI0016332	MIMAT0018769
MI0008911	MIMAT0008369
MI0008911	MIMAT0019113
MI0008896	MIMAT0008354
MI0008896	MIMAT0019098
MI0008913	MIMAT0008371
MI0008913	MIMAT0019115
MI0016337	MIMAT0018778
MI0016337	MIMAT0018779
MI0016338	MIMAT0018780
MI0016338	MIMAT0018781
MI0008925	MIMAT0008384
MI0008925	MIMAT0008385
MI0008897	MIMAT0008355
MI0008897	MIMAT0019099
MI0008915	MIMAT0008373
MI0008915	MIMAT0019117
MI0008904	MIMAT0008362
MI0008904	MIMAT0019106
MI0016342	MIMAT0018788
MI0016342	MIMAT0018789
MI0008924	MIMAT0008383
MI0008924	MIMAT0019125
MI0008916	MIMAT0008374
MI0008916	MIMAT0019118
MI0008926	MIMAT0008386
MI0008926	MIMAT0019126
MI0008923	MIMAT0008382
MI0008923	MIMAT0019124
MI0008909	MIMAT0008367
MI0008909	MIMAT0019111
MI0008910	MIMAT0008368
MI0008910	MIMAT0019112
MI0016356	MIMAT0018816
MI0016356	MIMAT0018817
MI0016349	MIMAT0018802
MI0016349	MIMAT0018803
MI0016350	MIMAT0018804
MI0016350	MIMAT0018805
MI0008934	MIMAT0008395
MI0008934	MIMAT0019133
MI0008898	MIMAT0008356
MI0008898	MIMAT0019100
MI0008931	MIMAT0008391
MI0008931	MIMAT0019131
MI0016348	MIMAT0018800
MI0016348	MIMAT0018801
MI0016352	MIMAT0018808
MI0016352	MIMAT0018809
MI0006515	MIMAT0005670
MI0006497	MIMAT0005652
MI0006573	MIMAT0005728
MI0006570	MIMAT0005725
MI0006571	MIMAT0005726
MI0006488	MIMAT0005643
MI0006535	MIMAT0005690
MI0006546	MIMAT0005701
MI0006509	MIMAT0005664
MI0006510	MIMAT0005665
MI0006579	MIMAT0005734
MI0006543	MIMAT0005698
MI0006491	MIMAT0005646
MI0006502	MIMAT0005657
MI0016032	MIMAT0018037
MI0016032	MIMAT0018038
MI0007971	MIMAT0006576
MI0016033	MIMAT0018039
MI0016033	MIMAT0018040
MI0016015	MIMAT0018007
MI0016015	MIMAT0018008
MI0016025	MIMAT0018025
MI0016025	MIMAT0018026
MI0006511	MIMAT0005666
MI0006520	MIMAT0005675
MI0007955	MIMAT0006560
MI0006486	MIMAT0005641
MI0007965	MIMAT0006570
MI0006519	MIMAT0005674
MI0006514	MIMAT0005669
MI0006552	MIMAT0005707
MI0006578	MIMAT0005733
MI0016016	MIMAT0018009
MI0016016	MIMAT0018010
MI0006512	MIMAT0005667
MI0016017	MIMAT0018011
MI0016017	MIMAT0018012
MI0006507	MIMAT0005662
MI0015370	MIMAT0016364
MI0015370	MIMAT0016365
MI0006527	MIMAT0005682
MI0006569	MIMAT0005724
MI0007956	MIMAT0006561
MI0013198	MIMAT0013987
MI0013198	MIMAT0015322
MI0001461	MIMAT0001356
MI0001461	MIMAT0015128
MI0001815	MIMAT0015182
MI0001815	MIMAT0001717
MI0001473	MIMAT0001368
MI0001473	MIMAT0015140
MI0001805	MIMAT0015172
MI0001805	MIMAT0001707
MI0001813	MIMAT0015180
MI0001813	MIMAT0001715
MI0001489	MIMAT0015152
MI0001489	MIMAT0001383
MI0001804	MIMAT0015171
MI0001804	MIMAT0001706
MI0001496	MIMAT0015158
MI0001496	MIMAT0001390
MI0001801	MIMAT0001703
MI0001801	MIMAT0015168
MI0001825	MIMAT0001727
MI0001825	MIMAT0015192
MI0013244	MIMAT0014033
MI0013244	MIMAT0015367
MI0001478	MIMAT0001373
MI0001478	MIMAT0015145
MI0001824	MIMAT0001726
MI0001824	MIMAT0015191
MI0013230	MIMAT0014019
MI0013230	MIMAT0015353
MI0001456	MIMAT0001351
MI0001456	MIMAT0015124
MI0013234	MIMAT0015357
MI0013234	MIMAT0014023
MI0013241	MIMAT0014030
MI0013241	MIMAT0015364
MI0013242	MIMAT0015365
MI0013242	MIMAT0014031
MI0001817	MIMAT0015184
MI0001817	MIMAT0001719
MI0001842	MIMAT0015204
MI0001842	MIMAT0001744
MI0013226	MIMAT0014015
MI0013226	MIMAT0015350
MI0001480	MIMAT0015146
MI0001480	MIMAT0001375
MI0001822	MIMAT0001724
MI0001822	MIMAT0015189
MI0001847	MIMAT0001749
MI0001847	MIMAT0015208
MI0001807	MIMAT0015174
MI0001807	MIMAT0001709
MI0001819	MIMAT0001721
MI0001819	MIMAT0015186
MI0001474	MIMAT0001369
MI0001474	MIMAT0015141
MI0001809	MIMAT0015176
MI0001809	MIMAT0001711
MI0001814	MIMAT0015181
MI0001814	MIMAT0001716
MI0001800	MIMAT0001702
MI0001800	MIMAT0015167
MI0013236	MIMAT0015359
MI0013236	MIMAT0014025
MI0001792	MIMAT0015160
MI0001792	MIMAT0001694
